{
	"credit": "Made by samus2002",
	"textures": {
		"0": "archmage_texture/arcane_thunder_5",
		"particle": "archmage_texture/arcane_thunder_5"
	},
	"elements": [
		{
			"from": [1.17639, -13.17357, 1.42597],
			"to": [1.17639, 31.82643, 19.42597],
			"rotation": {"angle": 22.5, "axis": "z", "origin": [8, 6.5, 7.42597]},
			"faces": {
				"north": {"uv": [0, 0, 0, 16], "texture": "#0"},
				"east": {"uv": [5.25, 0.5, 10.75, 14], "texture": "#0"},
				"south": {"uv": [0, 0, 0, 16], "texture": "#0"},
				"west": {"uv": [10.75, 0.5, 5.25, 14], "texture": "#0"},
				"up": {"uv": [0, 0, 0, 16], "texture": "#0"},
				"down": {"uv": [0, 0, 0, 16], "texture": "#0"}
			}
		},
		{
			"from": [14.82361, -13.17357, 1.42597],
			"to": [14.82361, 31.82643, 19.42597],
			"rotation": {"angle": -22.5, "axis": "z", "origin": [8, 6.5, 7.42597]},
			"faces": {
				"north": {"uv": [0, 0, 0, 16], "texture": "#0"},
				"east": {"uv": [10.75, 14, 5.25, 0.5], "rotation": 180, "texture": "#0"},
				"south": {"uv": [0, 0, 0, 16], "texture": "#0"},
				"west": {"uv": [5.25, 14, 10.75, 0.5], "rotation": 180, "texture": "#0"},
				"up": {"uv": [0, 0, 0, 16], "texture": "#0"},
				"down": {"uv": [0, 0, 0, 16], "texture": "#0"}
			}
		},
		{
			"from": [1, -13.17357, 14.24958],
			"to": [19, 31.82643, 14.24958],
			"rotation": {"angle": 22.5, "axis": "x", "origin": [8, 6.5, 7.42597]},
			"faces": {
				"north": {"uv": [5.25, 0.5, 10.75, 14], "texture": "#0"},
				"east": {"uv": [0, 0, 0, 16], "texture": "#0"},
				"south": {"uv": [10.75, 0.5, 5.25, 14], "texture": "#0"},
				"west": {"uv": [0, 0, 0, 16], "texture": "#0"},
				"up": {"uv": [0, 0, 0, 16], "rotation": 270, "texture": "#0"},
				"down": {"uv": [0, 0, 0, 16], "rotation": 90, "texture": "#0"}
			}
		},
		{
			"from": [1, -13.17357, 0.60237],
			"to": [19, 31.82643, 0.60237],
			"rotation": {"angle": -22.5, "axis": "x", "origin": [8, 6.5, 7.42597]},
			"faces": {
				"north": {"uv": [10.75, 14, 5.25, 0.5], "rotation": 180, "texture": "#0"},
				"east": {"uv": [0, 0, 0, 16], "texture": "#0"},
				"south": {"uv": [5.25, 14, 10.75, 0.5], "rotation": 180, "texture": "#0"},
				"west": {"uv": [0, 0, 0, 16], "texture": "#0"},
				"up": {"uv": [0, 0, 0, 16], "rotation": 270, "texture": "#0"},
				"down": {"uv": [0, 0, 0, 16], "rotation": 90, "texture": "#0"}
			}
		}
	],
	"display": {
		"thirdperson_righthand": {
			"rotation": [90, 180, 0],
			"translation": [-6.25, -2, 59],
			"scale": [2.79297, 4, 2.79297]
		},
		"head": {
			"translation": [2, 9.25, 1.25],
			"scale": [3, 3, 3]
		}
	}
}