{
	"credit": "Made with Blockbench",
	"parent": "iron_knight_helmet_6",
	"texture_size": [32, 32],
	"textures": {
		"0": "iron_knight_helmet_6",
		"1": "red_feathers",
		"particle": "iron_knight_helmet_6"
	},
	"elements": [
		{
			"from": [3.99, 3.99, 3.99],
			"to": [12.01, 8.01, 12.01],
			"rotation": {"angle": 0, "axis": "y", "origin": [8, 0, 8]},
			"faces": {
				"north": {"uv": [0, 2.5, 4, 4.5], "texture": "#0"},
				"east": {"uv": [4, 2.5, 8, 4.5], "texture": "#0"},
				"south": {"uv": [8, 2.5, 12, 4.5], "texture": "#0"},
				"west": {"uv": [4, 2.5, 8, 4.5], "texture": "#0"},
				"up": {"uv": [4, 16, 0, 12], "texture": "#0"},
				"down": {"uv": [4, 12, 8, 16], "texture": "#0"}
			}
		},
		{
			"from": [3.75, 3.8, 3.75],
			"to": [12.25, 4.9, 12.25],
			"rotation": {"angle": 0, "axis": "y", "origin": [8, 0, 8]},
			"faces": {
				"north": {"uv": [0, 7.5, 4, 8], "texture": "#0"},
				"east": {"uv": [4, 7.5, 8, 8], "texture": "#0"},
				"south": {"uv": [8, 7.5, 12, 8], "texture": "#0"},
				"west": {"uv": [4, 7.5, 8, 8], "texture": "#0"}
			}
		},
		{
			"from": [4, -2, 4],
			"to": [12, 4, 12],
			"rotation": {"angle": 0, "axis": "y", "origin": [8, 0, 8]},
			"faces": {
				"north": {"uv": [0, 4.5, 4, 7.5], "texture": "#0"},
				"east": {"uv": [8, 4.5, 4, 7.5], "texture": "#0"},
				"west": {"uv": [4, 4.5, 8, 7.5], "texture": "#0"}
			}
		},
		{
			"from": [4.01, -1.99, 8.01],
			"to": [11.99, 5.99, 11.99],
			"rotation": {"angle": -22.5, "axis": "x", "origin": [8, 4, 12]},
			"faces": {
				"north": {"uv": [6, 8, 10, 12], "texture": "#0"},
				"east": {"uv": [12, 8, 10, 12], "texture": "#0"},
				"south": {"uv": [12, 8, 16, 12], "texture": "#0"},
				"west": {"uv": [10, 8, 12, 12], "texture": "#0"}
			}
		},
		{
			"from": [5, 8, 5],
			"to": [11, 11, 11],
			"rotation": {"angle": 0, "axis": "y", "origin": [8, 0, 8]},
			"faces": {
				"north": {"uv": [0.5, 1, 3.5, 2.5], "texture": "#0"},
				"east": {"uv": [4.5, 1, 7.5, 2.5], "texture": "#0"},
				"south": {"uv": [8.5, 1, 11.5, 2.5], "texture": "#0"},
				"west": {"uv": [4.5, 1, 7.5, 2.5], "texture": "#0"},
				"up": {"uv": [3.5, 15.5, 0.5, 12.5], "texture": "#0"}
			}
		},
		{
			"from": [7, 1, 3],
			"to": [9, 8, 4],
			"rotation": {"angle": 0, "axis": "y", "origin": [8, 0, 8]},
			"faces": {
				"north": {"uv": [1.5, 2.5, 2.5, 6], "texture": "#0"},
				"east": {"uv": [1.5, 2.5, 2, 6], "texture": "#0"},
				"south": {"uv": [1.5, 2.5, 2.5, 6], "texture": "#0"},
				"west": {"uv": [2, 2.5, 2.5, 6], "texture": "#0"},
				"up": {"uv": [1.5, 2.5, 2.5, 3], "texture": "#0"},
				"down": {"uv": [2.5, 6, 1.5, 5.5], "texture": "#0"}
			}
		},
		{
			"from": [7, 11, 7],
			"to": [9, 13, 9],
			"rotation": {"angle": 0, "axis": "y", "origin": [8, 0, 8]},
			"faces": {
				"north": {"uv": [1.5, 0, 2.5, 1], "texture": "#0"},
				"east": {"uv": [5.5, 0, 6.5, 1], "texture": "#0"},
				"south": {"uv": [9.5, 0, 10.5, 1], "texture": "#0"},
				"west": {"uv": [5.5, 0, 6.5, 1], "texture": "#0"},
				"up": {"uv": [5.5, 13.5, 6.5, 14.5], "rotation": 90, "texture": "#0"}
			}
		},
		{
			"from": [5.5, 9, 16],
			"to": [10.5, 12, 16],
			"rotation": {"angle": 0, "axis": "y", "origin": [8, 13, 8]},
			"faces": {
				"north": {"uv": [8, 0, 10.5, 1.5], "rotation": 180, "texture": "#1"},
				"south": {"uv": [8, 0, 10.5, 1.5], "rotation": 180, "texture": "#1"}
			}
		},
		{
			"from": [5.5, 9, 15],
			"to": [10.5, 13, 15],
			"rotation": {"angle": -22.5, "axis": "x", "origin": [8, 13, 8]},
			"faces": {
				"north": {"uv": [8, 1.5, 10.5, 3.5], "rotation": 180, "texture": "#1"},
				"south": {"uv": [8, 1.5, 10.5, 3.5], "rotation": 180, "texture": "#1"}
			}
		},
		{
			"from": [5.5, 13, 8],
			"to": [10.5, 13, 15],
			"rotation": {"angle": -22.5, "axis": "x", "origin": [8, 13, 8]},
			"faces": {
				"up": {"uv": [8, 3.5, 10.5, 7], "rotation": 180, "texture": "#1"},
				"down": {"uv": [8, 3.5, 10.5, 7], "texture": "#1"}
			}
		},
		{
			"from": [5.5, 18.31492, 14.44415],
			"to": [10.5, 21.31492, 14.44415],
			"rotation": {"angle": 22.5, "axis": "x", "origin": [8, 13, 8]},
			"faces": {
				"north": {"uv": [8, 0, 10.5, 1.5], "rotation": 180, "texture": "#1"},
				"south": {"uv": [8, 0, 10.5, 1.5], "rotation": 180, "texture": "#1"}
			}
		},
		{
			"from": [5.5, 21.31492, 11.44415],
			"to": [10.5, 21.31492, 14.44415],
			"rotation": {"angle": 22.5, "axis": "x", "origin": [8, 13, 8]},
			"faces": {
				"up": {"uv": [8, 1.5, 10.5, 3], "rotation": 180, "texture": "#1"},
				"down": {"uv": [8, 1.5, 10.5, 3], "texture": "#1"}
			}
		},
		{
			"from": [5.5, 13, 8],
			"to": [10.5, 13, 17],
			"rotation": {"angle": -45, "axis": "x", "origin": [8, 13, 8]},
			"faces": {
				"up": {"uv": [8, 3, 10.5, 7.5], "rotation": 180, "texture": "#1"},
				"down": {"uv": [8, 3, 10.5, 7.5], "texture": "#1"}
			}
		},
		{
			"from": [5.5, 13, 8],
			"to": [10.5, 20, 8],
			"rotation": {"angle": 22.5, "axis": "x", "origin": [8, 13, 8]},
			"faces": {
				"north": {"uv": [10.5, 1.5, 13, 5], "texture": "#1"},
				"south": {"uv": [10.5, 1.5, 13, 5], "texture": "#1"}
			}
		},
		{
			"from": [5.5, 19.46716, 5.32122],
			"to": [10.5, 22.46716, 5.32122],
			"rotation": {"angle": 45, "axis": "x", "origin": [8, 13, 8]},
			"faces": {
				"north": {"uv": [10.5, 0.5, 13, 2], "texture": "#1"},
				"south": {"uv": [10.5, 0.5, 13, 2], "texture": "#1"}
			}
		}
	],
	"display": {
		"thirdperson_righthand": {
			"rotation": [75, 45, 0],
			"translation": [0, 2.5, 0],
			"scale": [0.375, 0.375, 0.375]
		},
		"thirdperson_lefthand": {
			"rotation": [75, 45, 0],
			"translation": [0, 2.5, 0],
			"scale": [0.375, 0.375, 0.375]
		},
		"firstperson_righthand": {
			"rotation": [0, 45, 0],
			"scale": [0.4, 0.4, 0.4]
		},
		"firstperson_lefthand": {
			"rotation": [0, 225, 0],
			"scale": [0.4, 0.4, 0.4]
		},
		"ground": {
			"translation": [0, 3, 0],
			"scale": [0.25, 0.25, 0.25]
		},
		"gui": {
			"rotation": [30, 225, 0],
			"translation": [0, -1, 0],
			"scale": [0.69, 0.69, 0.69]
		},
		"head": {
			"rotation": [4, 0, 0],
			"translation": [0, 7.25, 0.25],
			"scale": [1.76, 1.76, 1.76]
		},
		"fixed": {
			"scale": [0.5, 0.5, 0.5]
		}
	},
	"groups": [
		{
			"name": "knight_helmet_6",
			"origin": [8, 8, 8],
			"color": 0,
			"nbt": "{}",
			"children": [
				0,
				1,
				2,
				3,
				4,
				5,
				6,
				{
					"name": "feathers",
					"origin": [8, 13, 8],
					"color": 0,
					"nbt": "{}",
					"children": [7, 8, 9, 10, 11, 12, 13, 14]
				}
			]
		}
	]
}