{
	"credit": "Made with Blockbench",
	"parent": "iron_knight_helmet_2",
	"texture_size": [32, 32],
	"textures": {
		"0": "iron_knight_helmet_2",
		"1": "red_feathers",
		"particle": "iron_knight_helmet_2"
	},
	"elements": [
		{
			"from": [4, -1.05, 4],
			"to": [12, 7.95, 12],
			"rotation": {"angle": 22.5, "axis": "x", "origin": [8, 0, 8]},
			"faces": {
				"north": {"uv": [0, 11.5, 4, 16], "texture": "#0"},
				"east": {"uv": [8, 11.5, 4, 16], "texture": "#0"},
				"south": {"uv": [8, 11.5, 12, 16], "texture": "#0"},
				"west": {"uv": [4, 11.5, 8, 16], "texture": "#0"}
			}
		},
		{
			"from": [3.8, -1.25, 3.8],
			"to": [12.2, 8.15, 12.2],
			"rotation": {"angle": 22.5, "axis": "x", "origin": [8, 0, 8]},
			"faces": {
				"north": {"uv": [8, 0, 12, 4.5], "texture": "#0"},
				"east": {"uv": [16, 0, 12, 4.5], "texture": "#0"},
				"south": {"uv": [12, 11.5, 16, 16], "texture": "#0"},
				"west": {"uv": [12, 0, 16, 4.5], "texture": "#0"},
				"up": {"uv": [0, 11.5, 4, 7.5], "texture": "#0"}
			}
		},
		{
			"from": [7.01, 0, 8.13],
			"to": [9.03, 10, 12.73],
			"rotation": {"angle": 45, "axis": "x", "origin": [8, 0, 8]},
			"faces": {
				"east": {"uv": [7, 1, 4.5, 6], "texture": "#0"},
				"south": {"uv": [7, 1.5, 8, 6.5], "texture": "#0"},
				"west": {"uv": [4.5, 1, 7, 6], "texture": "#0"},
				"up": {"uv": [7, 0.5, 8, 3], "texture": "#0"},
				"down": {"uv": [7, 5.5, 4.5, 6.5], "rotation": 90, "texture": "#0"}
			}
		},
		{
			"from": [8.01, 2, 15.13],
			"to": [8.01, 17, 24.13],
			"rotation": {"angle": 0, "axis": "y", "origin": [8, 0, 8]},
			"faces": {
				"east": {"uv": [4.5, 0, 0, 7.5], "texture": "#1"},
				"west": {"uv": [0, 0, 4.5, 7.5], "texture": "#1"}
			}
		},
		{
			"from": [7.01, 7, 4.13],
			"to": [8.99, 10, 8.18],
			"rotation": {"angle": 45, "axis": "x", "origin": [8, 0, 8]},
			"faces": {
				"east": {"uv": [5.5, 1, 3.5, 2.5], "texture": "#0"},
				"west": {"uv": [3.5, 1, 5.5, 2.5], "texture": "#0"},
				"up": {"uv": [5, 0, 7, 1], "rotation": 90, "texture": "#0"}
			}
		},
		{
			"from": [7, 4.8, 4],
			"to": [9, 9.8, 7.05],
			"rotation": {"angle": 0, "axis": "y", "origin": [8, 0, 8]},
			"faces": {
				"north": {"uv": [0, 0.5, 1, 3], "texture": "#0"},
				"east": {"uv": [1.5, 1, 0, 3.5], "texture": "#0"},
				"south": {"uv": [0, 0.5, 1, 3], "texture": "#0"},
				"west": {"uv": [0, 1, 1.5, 3.5], "texture": "#0"},
				"up": {"uv": [0.5, 0, 2, 1], "rotation": 90, "texture": "#0"},
				"down": {"uv": [0, 0.5, 1, 2.025], "texture": "#0"}
			}
		},
		{
			"from": [3.5, -0.25, 1.85],
			"to": [10.15, 4.9, 8.5],
			"rotation": {"angle": 45, "axis": "y", "origin": [8, 4, 4]},
			"faces": {
				"north": {"uv": [12.5, 9, 9, 11.5], "texture": "#0"},
				"east": {"uv": [9, 9, 12.5, 11.5], "texture": "#0"},
				"down": {"uv": [12.5, 5.5, 16, 9], "texture": "#0"}
			}
		},
		{
			"from": [3.4, -0.35, 1.75],
			"to": [10.25, 5, 8.6],
			"rotation": {"angle": 45, "axis": "y", "origin": [8, 4, 4]},
			"faces": {
				"north": {"uv": [9, 9, 5.5, 11.5], "texture": "#0"},
				"east": {"uv": [5.5, 9, 9, 11.5], "texture": "#0"},
				"south": {"uv": [12.5, 9, 16, 11.5], "texture": "#0"},
				"west": {"uv": [16, 9, 12.5, 11.5], "texture": "#0"},
				"up": {"uv": [9, 5.5, 12.5, 9], "rotation": 180, "texture": "#0"},
				"down": {"uv": [12.5, 5.5, 16, 9], "texture": "#0"}
			}
		},
		{
			"from": [7, 6.8, 7.05],
			"to": [9, 9.8, 12.35],
			"rotation": {"angle": 0, "axis": "y", "origin": [8, 0, 8]},
			"faces": {
				"east": {"uv": [4.5, 1, 2, 2.5], "texture": "#0"},
				"west": {"uv": [2, 1, 4.5, 2.5], "texture": "#0"},
				"up": {"uv": [2, 0, 4.5, 1], "rotation": 90, "texture": "#0"}
			}
		}
	],
	"display": {
		"thirdperson_righthand": {
			"rotation": [30.75, 45, 0],
			"translation": [0, 2.5, 0],
			"scale": [0.375, 0.375, 0.375]
		},
		"thirdperson_lefthand": {
			"rotation": [30.75, 45, 0],
			"translation": [0, 2.5, 0],
			"scale": [0.375, 0.375, 0.375]
		},
		"firstperson_righthand": {
			"rotation": [35, 225, 26],
			"scale": [0.4, 0.4, 0.4]
		},
		"firstperson_lefthand": {
			"rotation": [35, 225, 26],
			"scale": [0.4, 0.4, 0.4]
		},
		"ground": {
			"rotation": [-21, 0, 0],
			"translation": [0, 3, 0],
			"scale": [0.25, 0.25, 0.25]
		},
		"gui": {
			"rotation": [-117.66, -45.39, -155.75],
			"translation": [2, -1.5, 0],
			"scale": [0.71, 0.71, 0.71]
		},
		"head": {
			"rotation": [-22.5, 0, 0],
			"translation": [0, 6, -5.5],
			"scale": [1.71, 1.71, 1.71]
		},
		"fixed": {
			"rotation": [-28, 0, 0],
			"translation": [0, 3, 0]
		}
	},
	"groups": [
		{
			"name": "knight_helmet",
			"origin": [8, 0, 8],
			"color": 0,
			"nbt": "{}",
			"children": [
				0,
				1,
				2,
				{
					"name": "feathers",
					"origin": [8, 0, 8],
					"color": 0,
					"nbt": "{}",
					"children": [3]
				},
				4,
				5,
				6,
				7,
				8
			]
		}
	]
}