{
	"credit": "Made with Blockbench",
	"parent": "iron_hussar_wings",
	"texture_size": [32, 32],
	"textures": {
		"1": "iron_hussar_wings",
		"particle": "iron_hussar_wings"
	},
	"elements": [
		{
			"from": [5.79, -15.7, 12.7],
			"to": [8.21, -4.34, 13.9],
			"rotation": {"angle": 0, "axis": "y", "origin": [6, -3, 14]},
			"faces": {
				"east": {"uv": [14.5, 10.5, 15, 16], "texture": "#1"},
				"south": {"uv": [14, 10.5, 15, 16], "texture": "#1"},
				"west": {"uv": [14.5, 10.5, 14, 16], "texture": "#1"},
				"down": {"uv": [14, 14.5, 15, 15], "texture": "#1"}
			}
		},
		{
			"from": [5.99, -15.5, 11.7],
			"to": [8.01, -4.54, 13.7],
			"rotation": {"angle": 0, "axis": "y", "origin": [6, -3, 14]},
			"faces": {
				"north": {"uv": [15, 10.5, 16, 16], "texture": "#1"},
				"east": {"uv": [14.5, 10.5, 15.5, 16], "texture": "#1"},
				"west": {"uv": [15.5, 10.5, 14.5, 16], "texture": "#1"},
				"down": {"uv": [14.5, 10.5, 15.5, 11.5], "rotation": 90, "texture": "#1"}
			}
		},
		{
			"from": [7, 0, 9.1],
			"to": [7, 32, 29.1],
			"rotation": {"angle": 0, "axis": "y", "origin": [6, 0, 14]},
			"faces": {
				"east": {"uv": [0, 0, 10, 16], "texture": "#1"},
				"west": {"uv": [10, 0, 0, 16], "texture": "#1"}
			}
		},
		{
			"from": [5.99, 20.79, 13.24],
			"to": [8.01, 22.81, 17.26],
			"rotation": {"angle": 0, "axis": "y", "origin": [6, 22.75, 17.2]},
			"faces": {
				"east": {"uv": [12.5, 11.5, 13.5, 13.5], "rotation": 90, "texture": "#1"},
				"west": {"uv": [12.5, 11.5, 13.5, 13.5], "rotation": 90, "texture": "#1"},
				"down": {"uv": [14, 11.5, 13, 13.5], "texture": "#1"}
			}
		},
		{
			"from": [5.79, 21.79, 13.24],
			"to": [8.21, 22.81, 17.26],
			"rotation": {"angle": 0, "axis": "y", "origin": [6, 22.75, 17.2]},
			"faces": {
				"east": {"uv": [12.5, 11.5, 13, 13.5], "rotation": 90, "texture": "#1"},
				"west": {"uv": [12.5, 11.5, 13, 13.5], "rotation": 90, "texture": "#1"},
				"up": {"uv": [12, 11.5, 13, 13.5], "texture": "#1"}
			}
		},
		{
			"from": [7, -15, 13.1],
			"to": [7, 0, 21.1],
			"rotation": {"angle": 0, "axis": "y", "origin": [6, 0, 14]},
			"faces": {
				"east": {"uv": [10, 0, 14, 7.5], "texture": "#1"},
				"west": {"uv": [14, 0, 10, 7.5], "texture": "#1"}
			}
		},
		{
			"from": [6, 21.45, 10.55],
			"to": [8, 23.45, 13.55],
			"rotation": {"angle": -45, "axis": "x", "origin": [6, 22.75, 14.2]},
			"faces": {
				"north": {"uv": [12.5, 10, 13.5, 11], "rotation": 90, "texture": "#1"},
				"east": {"uv": [12.5, 10, 13.5, 11.5], "rotation": 90, "texture": "#1"},
				"west": {"uv": [12.5, 11.5, 13.5, 10], "rotation": 90, "texture": "#1"},
				"down": {"uv": [14, 11.5, 13, 10], "texture": "#1"}
			}
		},
		{
			"from": [5.8, 22.45, 10.35],
			"to": [8.2, 23.45, 13.55],
			"rotation": {"angle": -45, "axis": "x", "origin": [6, 22.75, 14.2]},
			"faces": {
				"north": {"uv": [12, 10, 13, 10.5], "texture": "#1"},
				"east": {"uv": [12.5, 10, 13, 11.5], "rotation": 90, "texture": "#1"},
				"west": {"uv": [12.5, 11.5, 13, 10], "rotation": 90, "texture": "#1"},
				"up": {"uv": [12, 10, 13, 11.5], "texture": "#1"}
			}
		},
		{
			"from": [6, 19.25, 18.8],
			"to": [8, 24.25, 20.8],
			"rotation": {"angle": -45, "axis": "x", "origin": [6, 19.25, 20.8]},
			"faces": {
				"north": {"uv": [13, 13.5, 14, 16], "texture": "#1"},
				"east": {"uv": [12.5, 13.5, 13.5, 16], "texture": "#1"},
				"west": {"uv": [13.5, 13.5, 12.5, 16], "texture": "#1"}
			}
		},
		{
			"from": [5.8, 19.25, 19.8],
			"to": [8.2, 24.25, 20.8],
			"rotation": {"angle": -45, "axis": "x", "origin": [6, 19.25, 20.8]},
			"faces": {
				"east": {"uv": [12.5, 13.5, 13, 16], "texture": "#1"},
				"south": {"uv": [12, 13.5, 13, 16], "texture": "#1"},
				"west": {"uv": [13, 13.5, 12.5, 16], "texture": "#1"}
			}
		},
		{
			"from": [6, -5, 14],
			"to": [8, 14, 16],
			"rotation": {"angle": 22.5, "axis": "x", "origin": [6, 1, 14]},
			"faces": {
				"north": {"uv": [15, 4, 16, 13.5], "texture": "#1"},
				"east": {"uv": [14.5, 4, 15.5, 13.5], "texture": "#1"},
				"west": {"uv": [15.5, 4, 14.5, 13.5], "texture": "#1"}
			}
		},
		{
			"from": [5.8, -4.4, 14.9],
			"to": [8.2, 14, 16],
			"rotation": {"angle": 22.5, "axis": "x", "origin": [6, 1, 14]},
			"faces": {
				"east": {"uv": [14.5, 4, 15, 13.5], "texture": "#1"},
				"south": {"uv": [14, 4, 15, 13.5], "texture": "#1"},
				"west": {"uv": [14.5, 4, 14, 13.5], "texture": "#1"}
			}
		},
		{
			"from": [5.99, 12.24, 18.79],
			"to": [8.01, 19.26, 20.81],
			"rotation": {"angle": 0, "axis": "y", "origin": [6, 11.75, 19.15]},
			"faces": {
				"north": {"uv": [15, 0.5, 16, 4], "texture": "#1"},
				"east": {"uv": [14.5, 0.5, 15.5, 4], "texture": "#1"},
				"west": {"uv": [15.5, 0.5, 14.5, 4], "texture": "#1"}
			}
		},
		{
			"from": [5.79, 12.24, 19.69],
			"to": [8.21, 19.26, 20.81],
			"rotation": {"angle": 0, "axis": "y", "origin": [6, 11.75, 19.15]},
			"faces": {
				"east": {"uv": [14.5, 0.5, 15, 4], "texture": "#1"},
				"south": {"uv": [14, 0.5, 15, 4], "texture": "#1"},
				"west": {"uv": [14.5, 0.5, 14, 4], "texture": "#1"}
			}
		},
		{
			"from": [10.35, 22.45, 5.8],
			"to": [13.55, 23.45, 8.2],
			"rotation": {"angle": 45, "axis": "z", "origin": [14.2, 22.75, 8]},
			"faces": {
				"north": {"uv": [12.5, 10, 13, 11.5], "rotation": 90, "texture": "#1"},
				"south": {"uv": [12.5, 11.5, 13, 10], "rotation": 90, "texture": "#1"},
				"west": {"uv": [12, 10, 13, 10.5], "texture": "#1"},
				"up": {"uv": [12, 10, 13, 11.5], "rotation": 270, "texture": "#1"}
			}
		},
		{
			"from": [13.24, 21.79, 5.79],
			"to": [17.26, 22.81, 8.21],
			"rotation": {"angle": 0, "axis": "y", "origin": [17.2, 22.75, 8]},
			"faces": {
				"north": {"uv": [12.5, 11.5, 13, 13.5], "rotation": 90, "texture": "#1"},
				"south": {"uv": [12.5, 11.5, 13, 13.5], "rotation": 90, "texture": "#1"},
				"up": {"uv": [12, 11.5, 13, 13.5], "rotation": 270, "texture": "#1"}
			}
		},
		{
			"from": [19.8, 19.25, 5.8],
			"to": [20.8, 24.25, 8.2],
			"rotation": {"angle": 45, "axis": "z", "origin": [20.8, 19.25, 8]},
			"faces": {
				"north": {"uv": [12.5, 13.5, 13, 16], "texture": "#1"},
				"east": {"uv": [12, 13.5, 13, 16], "texture": "#1"},
				"south": {"uv": [13, 13.5, 12.5, 16], "texture": "#1"}
			}
		},
		{
			"from": [19.69, 12.24, 5.79],
			"to": [20.81, 19.26, 8.21],
			"rotation": {"angle": 0, "axis": "y", "origin": [19.15, 11.75, 8]},
			"faces": {
				"north": {"uv": [14.5, 0.5, 15, 4], "texture": "#1"},
				"east": {"uv": [14, 0.5, 15, 4], "texture": "#1"},
				"south": {"uv": [14.5, 0.5, 14, 4], "texture": "#1"}
			}
		},
		{
			"from": [14.9, -4.4, 5.8],
			"to": [16, 14, 8.2],
			"rotation": {"angle": -22.5, "axis": "z", "origin": [14, 1, 8]},
			"faces": {
				"north": {"uv": [14.5, 4, 15, 13.5], "texture": "#1"},
				"east": {"uv": [14, 4, 15, 13.5], "texture": "#1"},
				"south": {"uv": [14.5, 4, 14, 13.5], "texture": "#1"}
			}
		},
		{
			"from": [12.7, -15.7, 5.79],
			"to": [13.9, -4.34, 8.21],
			"rotation": {"angle": 0, "axis": "y", "origin": [14, -3, 8]},
			"faces": {
				"north": {"uv": [14.5, 10.5, 15, 16], "texture": "#1"},
				"east": {"uv": [14, 10.5, 15, 16], "texture": "#1"},
				"south": {"uv": [14.5, 10.5, 14, 16], "texture": "#1"},
				"down": {"uv": [14, 14, 15, 14.5], "rotation": 90, "texture": "#1"}
			}
		},
		{
			"from": [11.55, -15.5, 6.14],
			"to": [13.55, -4.54, 8.16],
			"rotation": {"angle": 0, "axis": "y", "origin": [13.85, -3, 8.15]},
			"faces": {
				"north": {"uv": [14.5, 10.5, 15.5, 16], "texture": "#1"},
				"south": {"uv": [15.5, 10.5, 14.5, 16], "texture": "#1"},
				"west": {"uv": [15, 10.5, 16, 16], "texture": "#1"},
				"down": {"uv": [14.5, 10.5, 15.5, 11.5], "rotation": 180, "texture": "#1"}
			}
		},
		{
			"from": [9.1, 0, 7.15],
			"to": [29.1, 32, 7.15],
			"rotation": {"angle": 0, "axis": "y", "origin": [13.85, 0, 8.15]},
			"faces": {
				"north": {"uv": [0, 0, 10, 16], "texture": "#1"},
				"south": {"uv": [10, 0, 0, 16], "texture": "#1"}
			}
		},
		{
			"from": [13.1, -15, 7.15],
			"to": [21.1, 0, 7.15],
			"rotation": {"angle": 0, "axis": "y", "origin": [13.85, 0, 8.15]},
			"faces": {
				"north": {"uv": [10, 0, 14, 7.5], "texture": "#1"},
				"south": {"uv": [14, 0, 10, 7.5], "texture": "#1"}
			}
		},
		{
			"from": [13.19, 20.69, 6.14],
			"to": [17.21, 22.71, 8.16],
			"rotation": {"angle": 0, "axis": "y", "origin": [17.15, 22.65, 8.15]},
			"faces": {
				"north": {"uv": [12.5, 11.5, 13.5, 13.5], "rotation": 90, "texture": "#1"},
				"south": {"uv": [12.5, 11.5, 13.5, 13.5], "rotation": 90, "texture": "#1"},
				"down": {"uv": [14, 11.5, 13, 13.5], "rotation": 90, "texture": "#1"}
			}
		},
		{
			"from": [10.5, 21.35, 6.15],
			"to": [13.5, 23.35, 8.15],
			"rotation": {"angle": 45, "axis": "z", "origin": [14.15, 22.65, 8.15]},
			"faces": {
				"north": {"uv": [12.5, 10, 13.5, 11.5], "rotation": 90, "texture": "#1"},
				"south": {"uv": [12.5, 11.5, 13.5, 10], "rotation": 90, "texture": "#1"},
				"west": {"uv": [12.5, 10, 13.5, 11], "rotation": 90, "texture": "#1"},
				"down": {"uv": [14, 11.5, 13, 10], "rotation": 90, "texture": "#1"}
			}
		},
		{
			"from": [18.75, 19.25, 6.15],
			"to": [20.65, 24.25, 8.15],
			"rotation": {"angle": 45, "axis": "z", "origin": [20.65, 19.25, 8.15]},
			"faces": {
				"north": {"uv": [12.5, 13.5, 13.5, 16], "texture": "#1"},
				"east": {"uv": [12, 13, 13, 15.5], "texture": "#1"},
				"south": {"uv": [13.5, 13.5, 12.5, 16], "texture": "#1"},
				"west": {"uv": [13, 13.5, 14, 16], "texture": "#1"}
			}
		},
		{
			"from": [13.85, -5, 6.15],
			"to": [15.85, 14, 8.15],
			"rotation": {"angle": -22.5, "axis": "z", "origin": [13.85, 1, 8.15]},
			"faces": {
				"north": {"uv": [14.5, 4, 15.5, 13.5], "texture": "#1"},
				"south": {"uv": [15.5, 4, 14.5, 13.5], "texture": "#1"},
				"west": {"uv": [15, 4, 16, 13.5], "texture": "#1"}
			}
		},
		{
			"from": [18.64, 12.24, 6.14],
			"to": [20.66, 19.26, 8.16],
			"rotation": {"angle": 0, "axis": "y", "origin": [19, 11.75, 8.15]},
			"faces": {
				"north": {"uv": [14.5, 0.5, 15.5, 4], "texture": "#1"},
				"south": {"uv": [15.5, 0.5, 14.5, 4], "texture": "#1"},
				"west": {"uv": [15, 0.5, 16, 4], "texture": "#1"}
			}
		}
	],
	"display": {
		"head": {
			"rotation": [0, -45, 0],
			"translation": [0, 0, 1],
			"scale": [1.32, 1.32, 1.32]
		}
	},
	"groups": [
		{
			"name": "hussar_wings",
			"origin": [7, 11.75, 12.15],
			"color": 0,
			"nbt": "{}",
			"children": [0, 1, 2, 3, 4, 5, 6, 7, 8, 9, 10, 11, 12, 13, 14, 15, 16, 17, 18, 19, 20, 21, 22, 23, 24, 25, 26, 27]
		}
	]
}