{
    "credit": "Made with Blockbench",
    "parent": "diamond_knight_helmet_5",
    "texture_size": [
        32,
        32
    ],
    "textures": {
        "0": "armor/diamond/helmets/diamond_knight_helmet_5",
        "particle": "armor/diamond/helmets/diamond_knight_helmet_5"
    },
    "elements": [
        {
            "from": [
                4,
                3,
                1.5
            ],
            "to": [
                12,
                7,
                9.5
            ],
            "rotation": {
                "angle": 22.5,
                "axis": "x",
                "origin": [
                    8,
                    0,
                    8
                ]
            },
            "faces": {
                "north": {
                    "uv": [
                        0,
                        4,
                        4,
                        6
                    ],
                    "texture": "#0"
                },
                "east": {
                    "uv": [
                        4,
                        4,
                        8,
                        6
                    ],
                    "texture": "#0"
                },
                "south": {
                    "uv": [
                        0,
                        6,
                        4,
                        8
                    ],
                    "texture": "#0"
                },
                "west": {
                    "uv": [
                        4,
                        4,
                        8,
                        6
                    ],
                    "texture": "#0"
                },
                "up": {
                    "uv": [
                        0,
                        0,
                        4,
                        4
                    ],
                    "texture": "#0"
                },
                "down": {
                    "uv": [
                        4,
                        0,
                        8,
                        4
                    ],
                    "texture": "#0"
                }
            }
        },
        {
            "from": [
                6.5,
                7,
                4
            ],
            "to": [
                9.5,
                8,
                7
            ],
            "rotation": {
                "angle": 22.5,
                "axis": "x",
                "origin": [
                    8,
                    0,
                    8
                ]
            },
            "faces": {
                "north": {
                    "uv": [
                        9.5,
                        2,
                        8,
                        2.5
                    ],
                    "texture": "#0"
                },
                "east": {
                    "uv": [
                        9.5,
                        1.5,
                        8,
                        2
                    ],
                    "texture": "#0"
                },
                "south": {
                    "uv": [
                        8,
                        1.5,
                        9.5,
                        2
                    ],
                    "texture": "#0"
                },
                "west": {
                    "uv": [
                        8,
                        2,
                        9.5,
                        2.5
                    ],
                    "texture": "#0"
                },
                "up": {
                    "uv": [
                        8,
                        0,
                        9.5,
                        1.5
                    ],
                    "texture": "#0"
                },
                "down": {
                    "uv": [
                        8,
                        0,
                        9.5,
                        1.5
                    ],
                    "texture": "#0"
                }
            }
        },
        {
            "from": [
                3.8,
                -2.4,
                1.3
            ],
            "to": [
                12.2,
                4,
                9.7
            ],
            "rotation": {
                "angle": 22.5,
                "axis": "x",
                "origin": [
                    8,
                    0,
                    8
                ]
            },
            "faces": {
                "north": {
                    "uv": [
                        0,
                        9,
                        4,
                        12
                    ],
                    "texture": "#0"
                },
                "east": {
                    "uv": [
                        4,
                        13,
                        0,
                        16
                    ],
                    "texture": "#0"
                },
                "south": {
                    "uv": [
                        5,
                        13,
                        9,
                        16
                    ],
                    "texture": "#0"
                },
                "west": {
                    "uv": [
                        0,
                        13,
                        4,
                        16
                    ],
                    "texture": "#0"
                }
            }
        },
        {
            "from": [
                7,
                3,
                0.5
            ],
            "to": [
                9,
                10,
                1.5
            ],
            "rotation": {
                "angle": 22.5,
                "axis": "x",
                "origin": [
                    8,
                    0,
                    8
                ]
            },
            "faces": {
                "north": {
                    "uv": [
                        15,
                        12.5,
                        16,
                        16
                    ],
                    "texture": "#0"
                },
                "east": {
                    "uv": [
                        15,
                        12.5,
                        15.5,
                        16
                    ],
                    "texture": "#0"
                },
                "south": {
                    "uv": [
                        16,
                        12.5,
                        15,
                        16
                    ],
                    "texture": "#0"
                },
                "west": {
                    "uv": [
                        15.5,
                        12.5,
                        16,
                        16
                    ],
                    "texture": "#0"
                }
            }
        },
        {
            "from": [
                7,
                11.1,
                4.9
            ],
            "to": [
                9,
                12.1,
                8.9
            ],
            "rotation": {
                "angle": 0,
                "axis": "y",
                "origin": [
                    8,
                    12,
                    5
                ]
            },
            "faces": {
                "east": {
                    "uv": [
                        15,
                        10.5,
                        15.5,
                        12.5
                    ],
                    "rotation": 90,
                    "texture": "#0"
                },
                "west": {
                    "uv": [
                        15.5,
                        10.5,
                        16,
                        12.5
                    ],
                    "rotation": 90,
                    "texture": "#0"
                },
                "up": {
                    "uv": [
                        16,
                        12.5,
                        15,
                        10.5
                    ],
                    "texture": "#0"
                },
                "down": {
                    "uv": [
                        16,
                        10.5,
                        15,
                        12.5
                    ],
                    "texture": "#0"
                }
            }
        },
        {
            "from": [
                7.29,
                11.09,
                8.19
            ],
            "to": [
                8.71,
                12.11,
                9.61
            ],
            "rotation": {
                "angle": 45,
                "axis": "y",
                "origin": [
                    8,
                    12.1,
                    8.9
                ]
            },
            "faces": {
                "south": {
                    "uv": [
                        15.3,
                        9.5,
                        16,
                        10
                    ],
                    "texture": "#0"
                },
                "west": {
                    "uv": [
                        15.3,
                        9.5,
                        16,
                        10
                    ],
                    "texture": "#0"
                },
                "up": {
                    "uv": [
                        15.3,
                        9.5,
                        16,
                        10.2
                    ],
                    "texture": "#0"
                },
                "down": {
                    "uv": [
                        15.3,
                        9.5,
                        16,
                        10.2
                    ],
                    "texture": "#0"
                }
            }
        },
        {
            "from": [
                3.9,
                5.18,
                1.55
            ],
            "to": [
                9.035,
                6.22,
                2.55
            ],
            "rotation": {
                "angle": 22.5,
                "axis": "y",
                "origin": [
                    4,
                    5.25,
                    3.25
                ]
            },
            "faces": {
                "north": {
                    "uv": [
                        6.5675,
                        7.5,
                        4,
                        8.02
                    ],
                    "texture": "#0"
                },
                "west": {
                    "uv": [
                        4,
                        7.5,
                        4.505,
                        8
                    ],
                    "rotation": 90,
                    "texture": "#0"
                },
                "up": {
                    "uv": [
                        4,
                        8,
                        6.5675,
                        7.5
                    ],
                    "texture": "#0"
                },
                "down": {
                    "uv": [
                        4,
                        7.5,
                        6.5675,
                        8
                    ],
                    "texture": "#0"
                }
            }
        },
        {
            "from": [
                3.9,
                5.2,
                1.55
            ],
            "to": [
                9.035,
                6.2,
                5.55
            ],
            "rotation": {
                "angle": 22.5,
                "axis": "y",
                "origin": [
                    4,
                    5.25,
                    3.25
                ]
            },
            "faces": {
                "north": {
                    "uv": [
                        6.5675,
                        7.5,
                        4,
                        8
                    ],
                    "texture": "#0"
                },
                "west": {
                    "uv": [
                        4,
                        6,
                        4.5,
                        8
                    ],
                    "rotation": 90,
                    "texture": "#0"
                },
                "up": {
                    "uv": [
                        4,
                        8,
                        6.5675,
                        6
                    ],
                    "texture": "#0"
                },
                "down": {
                    "uv": [
                        4,
                        6,
                        6.5675,
                        8
                    ],
                    "texture": "#0"
                }
            }
        },
        {
            "from": [
                6.965,
                5.199,
                1.55
            ],
            "to": [
                12.1,
                6.219,
                5.55
            ],
            "rotation": {
                "angle": -22.5,
                "axis": "y",
                "origin": [
                    12,
                    5.25,
                    3.25
                ]
            },
            "faces": {
                "north": {
                    "uv": [
                        4,
                        7.5,
                        6.5675,
                        8
                    ],
                    "texture": "#0"
                },
                "east": {
                    "uv": [
                        4,
                        8,
                        4.5,
                        6
                    ],
                    "rotation": 90,
                    "texture": "#0"
                },
                "up": {
                    "uv": [
                        6.5675,
                        8,
                        4,
                        6
                    ],
                    "texture": "#0"
                },
                "down": {
                    "uv": [
                        6.5675,
                        6,
                        4,
                        8
                    ],
                    "texture": "#0"
                }
            }
        },
        {
            "from": [
                4,
                -2.5,
                9.04
            ],
            "to": [
                12,
                3,
                11.06
            ],
            "rotation": {
                "angle": 0,
                "axis": "y",
                "origin": [
                    8,
                    0.5,
                    8.05
                ]
            },
            "faces": {
                "north": {
                    "uv": [
                        12,
                        4.5,
                        16,
                        7
                    ],
                    "texture": "#0"
                },
                "south": {
                    "uv": [
                        12,
                        0.5,
                        16,
                        3
                    ],
                    "texture": "#0"
                },
                "down": {
                    "uv": [
                        12,
                        3,
                        16,
                        4
                    ],
                    "texture": "#0"
                }
            }
        },
        {
            "from": [
                12,
                -2.5,
                9.05
            ],
            "to": [
                14,
                2.5,
                11.05
            ],
            "rotation": {
                "angle": 22.5,
                "axis": "z",
                "origin": [
                    12,
                    -2.5,
                    9.05
                ]
            },
            "faces": {
                "north": {
                    "uv": [
                        12.5,
                        4,
                        11.5,
                        6.5
                    ],
                    "texture": "#0"
                },
                "east": {
                    "uv": [
                        11,
                        0,
                        10,
                        2.5
                    ],
                    "texture": "#0"
                },
                "south": {
                    "uv": [
                        11.5,
                        0,
                        10.5,
                        2.5
                    ],
                    "texture": "#0"
                },
                "down": {
                    "uv": [
                        10,
                        2,
                        11,
                        3
                    ],
                    "texture": "#0"
                }
            }
        },
        {
            "from": [
                2,
                -2.5,
                9.05
            ],
            "to": [
                4,
                2.5,
                11.05
            ],
            "rotation": {
                "angle": -22.5,
                "axis": "z",
                "origin": [
                    4,
                    -2.5,
                    9.05
                ]
            },
            "faces": {
                "north": {
                    "uv": [
                        11.5,
                        4,
                        12.5,
                        6.5
                    ],
                    "texture": "#0"
                },
                "south": {
                    "uv": [
                        10.5,
                        0,
                        11.5,
                        2.5
                    ],
                    "texture": "#0"
                },
                "west": {
                    "uv": [
                        10,
                        0,
                        11,
                        2.5
                    ],
                    "texture": "#0"
                },
                "down": {
                    "uv": [
                        11,
                        2,
                        10,
                        3
                    ],
                    "texture": "#0"
                }
            }
        },
        {
            "from": [
                4,
                -1,
                6
            ],
            "to": [
                4,
                9,
                16
            ],
            "rotation": {
                "angle": -22.5,
                "axis": "z",
                "origin": [
                    4,
                    8,
                    6
                ]
            },
            "faces": {
                "east": {
                    "uv": [
                        6.5,
                        13,
                        11.5,
                        8
                    ],
                    "rotation": 90,
                    "texture": "#0"
                },
                "west": {
                    "uv": [
                        6.5,
                        8,
                        11.5,
                        13
                    ],
                    "rotation": 90,
                    "texture": "#0"
                }
            }
        },
        {
            "from": [
                12,
                -1,
                6
            ],
            "to": [
                12,
                9,
                16
            ],
            "rotation": {
                "angle": 22.5,
                "axis": "z",
                "origin": [
                    12,
                    8,
                    6
                ]
            },
            "faces": {
                "east": {
                    "uv": [
                        6.5,
                        13,
                        11.5,
                        8
                    ],
                    "rotation": 90,
                    "texture": "#0"
                },
                "west": {
                    "uv": [
                        6.5,
                        8,
                        11.5,
                        13
                    ],
                    "rotation": 90,
                    "texture": "#0"
                }
            }
        }
    ],
    "display": {
        "thirdperson_righthand": {
            "rotation": [
                28,
                45,
                22
            ],
            "translation": [
                0,
                2.5,
                0
            ],
            "scale": [
                0.375,
                0.375,
                0.375
            ]
        },
        "thirdperson_lefthand": {
            "rotation": [
                28,
                45,
                22
            ],
            "translation": [
                0,
                2.5,
                0
            ],
            "scale": [
                0.375,
                0.375,
                0.375
            ]
        },
        "firstperson_righthand": {
            "rotation": [
                0,
                45,
                0
            ],
            "scale": [
                0.4,
                0.4,
                0.4
            ]
        },
        "firstperson_lefthand": {
            "rotation": [
                0,
                225,
                0
            ],
            "scale": [
                0.4,
                0.4,
                0.4
            ]
        },
        "ground": {
            "rotation": [
                -21,
                0,
                0
            ],
            "translation": [
                0,
                3,
                0
            ],
            "scale": [
                0.25,
                0.25,
                0.25
            ]
        },
        "gui": {
            "rotation": [
                -128.96,
                -34.79,
                -161.78
            ],
            "translation": [
                1.25,
                2.25,
                0
            ],
            "scale": [
                0.82,
                0.82,
                0.82
            ]
        },
        "head": {
            "rotation": [
                -18,
                0,
                0
            ],
            "translation": [
                0,
                9.25,
                0
            ],
            "scale": [
                1.9600000000000002,
                1.9600000000000002,
                1.9600000000000002
            ]
        },
        "fixed": {
            "rotation": [
                -25,
                0,
                0
            ],
            "scale": [
                0.8,
                0.8,
                0.8
            ]
        }
    },
    "groups": [
        {
            "name": "knight_helmet_5",
            "origin": [
                8,
                8,
                8
            ],
            "color": 0,
            "nbt": "{}",
            "children": [
                0,
                1,
                2,
                3,
                4,
                5,
                6,
                7,
                8,
                9,
                10,
                11,
                {
                    "name": "wings",
                    "origin": [
                        12,
                        8,
                        6
                    ],
                    "color": 0,
                    "nbt": "{}",
                    "children": [
                        12,
                        13
                    ]
                }
            ]
        }
    ]
}