{
	"credit": "Made with Blockbench",
	"parent": "diamond_battle_axe",
	"texture_size": [32, 32],
	"textures": {
		"0": "diamond_historical_weapons",
		"particle": "diamond_historical_weapons"
	},
	"elements": [
		{
			"from": [7.5, 17.9, 0.3],
			"to": [8.5, 20.8, 4.3],
			"rotation": {"angle": 22.5, "axis": "x", "origin": [8, 20.8, 0.3]},
			"faces": {
				"north": {"uv": [13.5, 4.5, 14, 5.95], "texture": "#0"},
				"east": {"uv": [15.5, 5, 13.5, 6.45], "texture": "#0"},
				"south": {"uv": [13.5, 4.5, 14, 5.95], "texture": "#0"},
				"west": {"uv": [13.5, 5, 15.5, 6.45], "texture": "#0"},
				"up": {"uv": [12, 4.5, 12.5, 6.5], "texture": "#0"},
				"down": {"uv": [13.5, 5.5, 14, 7.5], "texture": "#0"}
			}
		},
		{
			"from": [7.49, 15.1, -0.81],
			"to": [8.51, 18.12, 2.39],
			"rotation": {"angle": 0, "axis": "y", "origin": [8, 15.1, -0.81]},
			"faces": {
				"north": {"uv": [11, 8, 11.5, 9.51], "texture": "#0"},
				"east": {"uv": [12.5, 8, 11, 9.51], "texture": "#0"},
				"west": {"uv": [11, 8, 12.5, 9.51], "texture": "#0"}
			}
		},
		{
			"from": [7.49, 10.5, -0.81],
			"to": [8.51, 15.12, 0.19],
			"rotation": {"angle": -22.5, "axis": "x", "origin": [8, 15.1, -0.81]},
			"faces": {
				"north": {"uv": [14, 5, 14.5, 7.31], "texture": "#0"},
				"east": {"uv": [14, 5, 14.5, 7.31], "texture": "#0"},
				"south": {"uv": [14, 5, 14.5, 7.31], "texture": "#0"},
				"west": {"uv": [14, 5, 14.5, 7.31], "texture": "#0"},
				"up": {"uv": [14, 5, 14.5, 5.5], "texture": "#0"},
				"down": {"uv": [14, 6.5, 14.5, 7], "texture": "#0"}
			}
		},
		{
			"from": [7.49, 11.8, 2.14],
			"to": [8.51, 15.32, 3.29],
			"rotation": {"angle": 22.5, "axis": "x", "origin": [8, 15.1, 1.19]},
			"faces": {
				"north": {"uv": [14, 7.96, 14.5, 6.5], "texture": "#0"},
				"east": {"uv": [14, 7.96, 14.5, 6.5], "texture": "#0"},
				"south": {"uv": [14, 7.96, 14.5, 6.5], "texture": "#0"},
				"west": {"uv": [14, 7.96, 14.5, 6.5], "texture": "#0"},
				"up": {"uv": [14, 7.1, 14.5, 6.5], "texture": "#0"},
				"down": {"uv": [14, 7.95, 14.5, 7.5], "texture": "#0"}
			}
		},
		{
			"from": [7.5, 12.7, 0.19],
			"to": [8.5, 15.12, 2.19],
			"rotation": {"angle": 0, "axis": "y", "origin": [8, 15.1, 1.19]},
			"faces": {
				"north": {"uv": [15, 7, 15.5, 8.16], "texture": "#0"},
				"east": {"uv": [15, 7, 16, 8.16], "texture": "#0"},
				"south": {"uv": [15, 7, 15.5, 8.16], "texture": "#0"},
				"west": {"uv": [15, 7, 16, 8.16], "texture": "#0"},
				"up": {"uv": [15, 7, 15.5, 8], "texture": "#0"},
				"down": {"uv": [15, 7, 15.5, 8], "texture": "#0"}
			}
		},
		{
			"from": [6.5, 16, 6.5],
			"to": [9.5, 19, 9.5],
			"rotation": {"angle": 0, "axis": "y", "origin": [8, 0, 8]},
			"faces": {
				"north": {"uv": [11, 5.5, 12.5, 7], "texture": "#0"},
				"east": {"uv": [11, 5.5, 12.5, 7], "texture": "#0"},
				"south": {"uv": [11, 5.5, 12.5, 7], "texture": "#0"},
				"west": {"uv": [11, 5.5, 12.5, 7], "texture": "#0"},
				"up": {"uv": [11, 6.5, 12.5, 8], "texture": "#0"},
				"down": {"uv": [11, 4, 12.5, 5.5], "texture": "#0"}
			}
		},
		{
			"from": [7.48, 16.89, 3.49],
			"to": [8.52, 19.01, 7.51],
			"rotation": {"angle": 22.5, "axis": "x", "origin": [8, 19, 6.5]},
			"faces": {
				"east": {"uv": [12.5, 0.7, 13.5, 2.7], "rotation": 90, "texture": "#0"},
				"west": {"uv": [12.5, 2.7, 13.5, 0.7], "rotation": 90, "texture": "#0"},
				"up": {"uv": [12.5, 0.7, 13, 2.7], "texture": "#0"}
			}
		},
		{
			"from": [7.49, 19.3, 1.8],
			"to": [8.51, 23, 3.8],
			"rotation": {"angle": -45, "axis": "x", "origin": [8, 20.1, 3.7]},
			"faces": {
				"north": {"uv": [15.5, 4, 16, 5.5], "texture": "#0"},
				"east": {"uv": [14.5, 6.2, 13.5, 4.5], "rotation": 180, "texture": "#0"},
				"south": {"uv": [13.5, 3, 14, 4.5], "texture": "#0"},
				"west": {"uv": [14.5, 4.5, 13.5, 6.2], "texture": "#0"},
				"up": {"uv": [12.5, 5.5, 13, 4.5], "rotation": 180, "texture": "#0"},
				"down": {"uv": [13, 5.5, 13.5, 4.5], "texture": "#0"}
			}
		},
		{
			"from": [7.51, 13.01, 0.71],
			"to": [8.49, 17.99, 3.79],
			"rotation": {"angle": 45, "axis": "x", "origin": [8, 14.9, 3.7]},
			"faces": {
				"north": {"uv": [11, 2.5, 8.5, 2], "rotation": 90, "texture": "#0"},
				"east": {"uv": [11, 2.2, 8.5, 3.5], "rotation": 90, "texture": "#0"},
				"south": {"uv": [11, 3.5, 8.5, 3], "rotation": 90, "texture": "#0"},
				"west": {"uv": [8.5, 2.2, 11, 3.5], "rotation": 270, "texture": "#0"}
			}
		},
		{
			"from": [7.5, 16, 3.5],
			"to": [8.5, 18.1, 7.5],
			"rotation": {"angle": -22.5, "axis": "x", "origin": [8, 16, 6.5]},
			"faces": {
				"east": {"uv": [15.35, 6.5, 14.5, 8.5], "rotation": 90, "texture": "#0"},
				"west": {"uv": [15.35, 8.5, 14.5, 6.5], "rotation": 90, "texture": "#0"},
				"down": {"uv": [15, 8.5, 14.5, 6.5], "texture": "#0"}
			}
		},
		{
			"from": [7.5, 12.7, 13.81],
			"to": [8.5, 15.12, 15.81],
			"rotation": {"angle": 0, "axis": "y", "origin": [8, 15.1, 14.81]},
			"faces": {
				"north": {"uv": [15.5, 7, 15, 8.16], "texture": "#0"},
				"east": {"uv": [16, 7, 15, 8.16], "texture": "#0"},
				"south": {"uv": [15.5, 7, 15, 8.16], "texture": "#0"},
				"west": {"uv": [16, 7, 15, 8.16], "texture": "#0"},
				"up": {"uv": [15, 8, 15.5, 7], "texture": "#0"},
				"down": {"uv": [15, 8, 15.5, 7], "texture": "#0"}
			}
		},
		{
			"from": [7.49, 10.5, 15.81],
			"to": [8.51, 15.12, 16.81],
			"rotation": {"angle": 22.5, "axis": "x", "origin": [8, 15.1, 16.81]},
			"faces": {
				"north": {"uv": [14.5, 5, 14, 7.31], "texture": "#0"},
				"east": {"uv": [14.5, 5, 14, 7.31], "texture": "#0"},
				"south": {"uv": [14.5, 5, 14, 7.31], "texture": "#0"},
				"west": {"uv": [14.5, 5, 14, 7.31], "texture": "#0"},
				"up": {"uv": [14, 5.5, 14.5, 5], "texture": "#0"},
				"down": {"uv": [14, 7, 14.5, 6.5], "texture": "#0"}
			}
		},
		{
			"from": [7.49, 15.1, 13.61],
			"to": [8.51, 18.12, 16.81],
			"rotation": {"angle": 0, "axis": "y", "origin": [8, 15.1, 16.81]},
			"faces": {
				"east": {"uv": [11, 8, 12.5, 9.51], "texture": "#0"},
				"south": {"uv": [11.5, 8, 11, 9.51], "texture": "#0"},
				"west": {"uv": [12.5, 8, 11, 9.51], "texture": "#0"}
			}
		},
		{
			"from": [7.5, 17.9, 11.7],
			"to": [8.5, 20.8, 15.7],
			"rotation": {"angle": -22.5, "axis": "x", "origin": [8, 20.8, 15.7]},
			"faces": {
				"north": {"uv": [14, 4.5, 13.5, 5.95], "texture": "#0"},
				"east": {"uv": [13.5, 5, 15.5, 6.45], "texture": "#0"},
				"south": {"uv": [14, 4.5, 13.5, 5.95], "texture": "#0"},
				"west": {"uv": [15.5, 5, 13.5, 6.45], "texture": "#0"},
				"up": {"uv": [12, 6.5, 12.5, 4.5], "texture": "#0"},
				"down": {"uv": [13.5, 7.5, 14, 5.5], "texture": "#0"}
			}
		},
		{
			"from": [7.49, 19.3, 12.2],
			"to": [8.51, 23, 14.2],
			"rotation": {"angle": 45, "axis": "x", "origin": [8, 20.1, 12.3]},
			"faces": {
				"north": {"uv": [14, 3, 13.5, 4.5], "texture": "#0"},
				"east": {"uv": [13.5, 6.2, 14.5, 4.5], "rotation": 180, "texture": "#0"},
				"south": {"uv": [16, 4, 15.5, 5.5], "texture": "#0"},
				"west": {"uv": [13.5, 4.5, 14.5, 6.2], "texture": "#0"},
				"up": {"uv": [12.5, 4.5, 13, 5.5], "rotation": 180, "texture": "#0"},
				"down": {"uv": [13, 4.5, 13.5, 5.5], "texture": "#0"}
			}
		},
		{
			"from": [7.51, 13.01, 12.21],
			"to": [8.49, 17.99, 15.29],
			"rotation": {"angle": -45, "axis": "x", "origin": [8, 14.9, 12.3]},
			"faces": {
				"north": {"uv": [11, 3, 8.5, 3.5], "rotation": 90, "texture": "#0"},
				"east": {"uv": [11, 3.5, 8.5, 2.2], "rotation": 90, "texture": "#0"},
				"south": {"uv": [11, 2, 8.5, 2.5], "rotation": 90, "texture": "#0"},
				"west": {"uv": [8.5, 3.5, 11, 2.2], "rotation": 270, "texture": "#0"}
			}
		},
		{
			"from": [7.48, 16.89, 8.49],
			"to": [8.52, 19.01, 12.51],
			"rotation": {"angle": -22.5, "axis": "x", "origin": [8, 19, 9.5]},
			"faces": {
				"east": {"uv": [12.5, 2.7, 13.5, 0.7], "rotation": 90, "texture": "#0"},
				"west": {"uv": [12.5, 0.7, 13.5, 2.7], "rotation": 90, "texture": "#0"},
				"up": {"uv": [12.5, 2.7, 13, 0.7], "texture": "#0"}
			}
		},
		{
			"from": [7.49, 11.8, 12.71],
			"to": [8.51, 15.32, 13.86],
			"rotation": {"angle": -22.5, "axis": "x", "origin": [8, 15.1, 14.81]},
			"faces": {
				"north": {"uv": [14.5, 7.96, 14, 6.5], "texture": "#0"},
				"east": {"uv": [14.5, 7.96, 14, 6.5], "texture": "#0"},
				"south": {"uv": [14.5, 7.96, 14, 6.5], "texture": "#0"},
				"west": {"uv": [14.5, 7.96, 14, 6.5], "texture": "#0"},
				"up": {"uv": [14, 6.5, 14.5, 7.1], "texture": "#0"},
				"down": {"uv": [14, 7.5, 14.5, 7.95], "texture": "#0"}
			}
		},
		{
			"from": [7.5, 16, 8.5],
			"to": [8.5, 18.1, 12.5],
			"rotation": {"angle": 22.5, "axis": "x", "origin": [8, 16, 9.5]},
			"faces": {
				"east": {"uv": [15.35, 8.5, 14.5, 6.5], "rotation": 90, "texture": "#0"},
				"west": {"uv": [15.35, 6.5, 14.5, 8.5], "rotation": 90, "texture": "#0"},
				"down": {"uv": [15, 6.5, 14.5, 8.5], "texture": "#0"}
			}
		},
		{
			"from": [7, -16, 7],
			"to": [9, 16, 9],
			"rotation": {"angle": 0, "axis": "y", "origin": [8, 0, 8]},
			"faces": {
				"north": {"uv": [1, 0, 2, 16], "texture": "#0"},
				"east": {"uv": [1, 0, 2, 16], "texture": "#0"},
				"south": {"uv": [1, 0, 2, 16], "texture": "#0"},
				"west": {"uv": [1, 0, 2, 16], "texture": "#0"},
				"down": {"uv": [1, 15, 2, 16], "texture": "#0"}
			}
		},
		{
			"from": [7, 19, 7],
			"to": [9, 20, 9],
			"rotation": {"angle": 0, "axis": "y", "origin": [8, 0, 8]},
			"faces": {
				"north": {"uv": [1, 0.5, 2, 1], "texture": "#0"},
				"east": {"uv": [1, 0.5, 2, 1], "texture": "#0"},
				"south": {"uv": [1, 0.5, 2, 1], "texture": "#0"},
				"west": {"uv": [1, 0.5, 2, 1], "texture": "#0"},
				"up": {"uv": [1, 1.5, 2, 2.5], "texture": "#0"},
				"down": {"uv": [1, 15, 2, 16], "texture": "#0"}
			}
		}
	],
	"gui_light": "front",
	"display": {
		"thirdperson_righthand": {
			"translation": [0, 5.5, 1.5],
			"scale": [0.76, 0.76, 0.76]
		},
		"thirdperson_lefthand": {
			"translation": [0, 5.5, 1.5],
			"scale": [0.76, 0.76, 0.76]
		},
		"firstperson_righthand": {
			"rotation": [-7.75, 5, 0],
			"translation": [4.25, 3, -5.25],
			"scale": [0.75, 0.75, 0.75]
		},
		"firstperson_lefthand": {
			"rotation": [-7.75, 5, 0],
			"translation": [4.25, 3, -5.25],
			"scale": [0.75, 0.75, 0.75]
		},
		"ground": {
			"rotation": [-47, 0.8, -1.89],
			"translation": [0, 1.75, 0],
			"scale": [0.25, 0.25, 0.25]
		},
		"gui": {
			"rotation": [-90, 135, 90],
			"translation": [0.75, 0.75, 0],
			"scale": [0.48, 0.48, 0.48]
		},
		"head": {
			"rotation": [-90, -58, 90],
			"translation": [1, -15.25, 4.25],
			"scale": [1.22, 1.22, 1.22]
		},
		"fixed": {
			"rotation": [-90, -45, -90],
			"translation": [1, 1, 0],
			"scale": [0.6, 0.6, 0.6]
		}
	},
	"groups": [
		{
			"name": "battle_axe",
			"origin": [8, 8, 8],
			"color": 0,
			"nbt": "{}",
			"children": [0, 1, 2, 3, 4, 5, 6, 7, 8, 9, 10, 11, 12, 13, 14, 15, 16, 17, 18, 19, 20]
		}
	]
}