{
	"credit": "Made with Blockbench",
	"parent": "diamond_horseman_axe",
	"texture_size": [32, 32],
	"textures": {
		"0": "diamond_historical_weapons",
		"particle": "diamond_historical_weapons"
	},
	"elements": [
		{
			"from": [6.5, -13, 6.5],
			"to": [9.5, -12, 9.5],
			"rotation": {"angle": 0, "axis": "y", "origin": [8, 0, 8]},
			"faces": {
				"north": {"uv": [14, 14, 15.5, 14.5], "texture": "#0"},
				"east": {"uv": [14, 14, 15.5, 14.5], "texture": "#0"},
				"south": {"uv": [14, 14, 15.5, 14.5], "texture": "#0"},
				"west": {"uv": [14, 14, 15.5, 14.5], "texture": "#0"},
				"up": {"uv": [14, 14.5, 15.5, 16], "texture": "#0"},
				"down": {"uv": [14, 14.5, 15.5, 16], "texture": "#0"}
			}
		},
		{
			"from": [6.5, -3, 6.5],
			"to": [9.5, -2, 9.5],
			"rotation": {"angle": 0, "axis": "y", "origin": [8, 0, 8]},
			"faces": {
				"north": {"uv": [14, 13, 15.5, 13.5], "texture": "#0"},
				"east": {"uv": [14, 13, 15.5, 13.5], "texture": "#0"},
				"south": {"uv": [14, 13, 15.5, 13.5], "texture": "#0"},
				"west": {"uv": [14, 13, 15.5, 13.5], "texture": "#0"},
				"up": {"uv": [12.5, 13, 14, 14.5], "texture": "#0"},
				"down": {"uv": [12.5, 13, 14, 14.5], "texture": "#0"}
			}
		},
		{
			"from": [7.48, -2.02, 6.98],
			"to": [8.52, 13.02, 9.02],
			"rotation": {"angle": 0, "axis": "y", "origin": [8, 10, 8]},
			"faces": {
				"north": {"uv": [10, 3.5, 10.5, 11], "texture": "#0"},
				"east": {"uv": [11, 3.5, 10, 11], "texture": "#0"},
				"south": {"uv": [10.5, 3.5, 11, 11], "texture": "#0"},
				"west": {"uv": [10, 3.5, 11, 11], "texture": "#0"},
				"up": {"uv": [10, 3.5, 10.5, 4.5], "texture": "#0"},
				"down": {"uv": [10.5, 10, 11, 11], "texture": "#0"}
			}
		},
		{
			"from": [7.5, 12.3, 6.7],
			"to": [8.5, 14.3, 8.7],
			"rotation": {"angle": 45, "axis": "x", "origin": [8, 13, 8]},
			"faces": {
				"north": {"uv": [11, 8, 11.5, 9], "texture": "#0"},
				"east": {"uv": [12, 8, 11, 9], "texture": "#0"},
				"south": {"uv": [11.5, 8, 12, 9], "texture": "#0"},
				"west": {"uv": [11, 8, 12, 9], "texture": "#0"},
				"up": {"uv": [11, 8, 11.5, 9], "texture": "#0"},
				"down": {"uv": [11.5, 9, 12, 8], "texture": "#0"}
			}
		},
		{
			"from": [7.48, 12.09, 9.94],
			"to": [8.52, 13.11, 13.06],
			"rotation": {"angle": 22.5, "axis": "x", "origin": [8, 13.1, 8.95]},
			"faces": {
				"north": {"uv": [10.5, 10, 11, 10.475], "rotation": 180, "texture": "#0"},
				"east": {"uv": [14.475, 4, 14, 5.55], "rotation": 270, "texture": "#0"},
				"south": {"uv": [14, 4, 14.5, 4.475], "texture": "#0"},
				"west": {"uv": [14, 4, 14.475, 5.55], "rotation": 90, "texture": "#0"},
				"up": {"uv": [14, 4, 14.5, 5.55], "rotation": 180, "texture": "#0"},
				"down": {"uv": [14, 4, 14.5, 5.55], "texture": "#0"}
			}
		},
		{
			"from": [7.49, 10.5, 9.95],
			"to": [8.51, 11.6, 12.2],
			"rotation": {"angle": 0, "axis": "y", "origin": [8, 13.1, 8.95]},
			"faces": {
				"north": {"uv": [10.5, 10, 11, 10.5], "rotation": 180, "texture": "#0"},
				"east": {"uv": [13, 3, 13.5, 4.125], "rotation": 270, "texture": "#0"},
				"south": {"uv": [13.5, 3, 13, 3.5], "texture": "#0"},
				"west": {"uv": [13.5, 3, 13, 4.125], "rotation": 90, "texture": "#0"},
				"up": {"uv": [13.5, 3, 13, 4.125], "rotation": 180, "texture": "#0"},
				"down": {"uv": [13.5, 3, 13, 4.125], "texture": "#0"}
			}
		},
		{
			"from": [7.49, 10.64, 12.09],
			"to": [8.51, 11.41, 13.01],
			"rotation": {"angle": -22.5, "axis": "x", "origin": [8, 10.8, 12.55]},
			"faces": {
				"north": {"uv": [10.5, 10, 11, 10.375], "rotation": 180, "texture": "#0"},
				"east": {"uv": [12.375, 0, 12, 0.45], "rotation": 270, "texture": "#0"},
				"south": {"uv": [12, 0, 12.5, 0.375], "texture": "#0"},
				"west": {"uv": [12, 0, 12.375, 0.45], "rotation": 90, "texture": "#0"},
				"up": {"uv": [12, 0, 12.5, 0.45], "rotation": 180, "texture": "#0"},
				"down": {"uv": [12, 0, 12.5, 0.45], "texture": "#0"}
			}
		},
		{
			"from": [7.48, 11.09, 3.29],
			"to": [8.52, 11.91, 4.31],
			"rotation": {"angle": 0, "axis": "y", "origin": [8, 10, 9.2]},
			"faces": {
				"east": {"uv": [10.975, 6.05, 10.5, 7.4], "texture": "#0"},
				"west": {"uv": [10.5, 6.05, 10.975, 7.4], "texture": "#0"}
			}
		},
		{
			"from": [7.49, 10.06, 1.8],
			"to": [8.51, 12.94, 2.75],
			"rotation": {"angle": 0, "axis": "y", "origin": [8, 10, 9.2]},
			"faces": {
				"north": {"uv": [14, 4, 14.5, 5.44], "texture": "#0"},
				"east": {"uv": [14.475, 4, 14, 5.44], "texture": "#0"},
				"west": {"uv": [14, 4, 14.475, 5.44], "texture": "#0"}
			}
		},
		{
			"from": [7.51, 10.27, 2.71],
			"to": [8.49, 12.63, 3.54],
			"rotation": {"angle": 0, "axis": "y", "origin": [8, 10, 9.2]},
			"faces": {
				"north": {"uv": [10, 3.5, 10.5, 4.94], "texture": "#0"},
				"east": {"uv": [11.425, 4, 10.5, 4.94], "texture": "#0"},
				"west": {"uv": [10.5, 4, 11.425, 4.84408], "texture": "#0"}
			}
		},
		{
			"from": [7.49, 10.6, 4],
			"to": [8.51, 12.6, 8],
			"rotation": {"angle": 22.5, "axis": "x", "origin": [8, 13, 7]},
			"faces": {
				"east": {"uv": [7.5, 4.5, 8.5, 6.4], "rotation": 90, "texture": "#0"},
				"west": {"uv": [7.5, 6.4, 8.5, 4.5], "rotation": 90, "texture": "#0"},
				"up": {"uv": [7.5, 4.5, 8, 6.4], "texture": "#0"}
			}
		},
		{
			"from": [7.51, 12.06, 4.01],
			"to": [8.49, 15.04, 5.44],
			"rotation": {"angle": -22.5, "axis": "x", "origin": [8, 13.1, 5.45]},
			"faces": {
				"east": {"uv": [11.5, 3.5, 10, 4.225], "rotation": 270, "texture": "#0"},
				"south": {"uv": [10, 3.5, 10.5, 5], "texture": "#0"},
				"west": {"uv": [10, 3.5, 11.5, 4.225], "rotation": 90, "texture": "#0"}
			}
		},
		{
			"from": [7.5, 14.3, 3.4],
			"to": [8.5, 15.4, 4.5],
			"rotation": {"angle": 22.5, "axis": "x", "origin": [8, 13.1, 5.45]},
			"faces": {
				"east": {"uv": [12.55, 0, 12, 0.55], "rotation": 270, "texture": "#0"},
				"south": {"uv": [12, 0, 12.5, 0.55], "texture": "#0"},
				"west": {"uv": [12, 0, 12.55, 0.55], "rotation": 90, "texture": "#0"}
			}
		},
		{
			"from": [7.49, 11.55, 2.15],
			"to": [8.51, 14.33, 3.1],
			"rotation": {"angle": 22.5, "axis": "x", "origin": [8, 13.1, 5.45]},
			"faces": {
				"north": {"uv": [12.5, 3, 13, 4.39], "rotation": 180, "texture": "#0"},
				"east": {"uv": [12.975, 5.39, 12.5, 4], "texture": "#0"},
				"south": {"uv": [12.5, 4, 13, 5.39], "texture": "#0"},
				"west": {"uv": [12.5, 4, 12.89, 5.175], "rotation": 90, "texture": "#0"}
			}
		},
		{
			"from": [7.5, 11.55, 3.05],
			"to": [8.5, 14.33, 4.5],
			"rotation": {"angle": 22.5, "axis": "x", "origin": [8, 13.1, 5.45]},
			"faces": {
				"north": {"uv": [12.5, 3, 13, 4.39], "rotation": 180, "texture": "#0"},
				"east": {"uv": [10, 4.675, 11.29, 3.5], "rotation": 90, "texture": "#0"},
				"south": {"uv": [10, 3.5, 10.5, 4.89], "texture": "#0"},
				"west": {"uv": [10, 3.5, 11.29, 4.675], "rotation": 90, "texture": "#0"}
			}
		},
		{
			"from": [7.49, 15.4, 4],
			"to": [8.51, 16.3, 6.4],
			"rotation": {"angle": -22.5, "axis": "x", "origin": [8, 13.1, 5.45]},
			"faces": {
				"east": {"uv": [13.7, 3, 12.5, 3.45], "rotation": 180, "texture": "#0"},
				"south": {"uv": [12.5, 3.5, 13, 3.95], "rotation": 180, "texture": "#0"},
				"west": {"uv": [12.5, 3, 13.7, 3.45], "rotation": 180, "texture": "#0"},
				"up": {"uv": [12.5, 3, 13, 4.2], "texture": "#0"}
			}
		},
		{
			"from": [7.5, 7.6, 3.4],
			"to": [8.5, 8.7, 4.5],
			"rotation": {"angle": -22.5, "axis": "x", "origin": [8, 9.9, 5.45]},
			"faces": {
				"east": {"uv": [11, 0, 11.55, 0.55], "rotation": 270, "texture": "#0"},
				"south": {"uv": [11, 0.55, 11.5, 0], "texture": "#0"},
				"west": {"uv": [11.55, 0, 11, 0.55], "rotation": 90, "texture": "#0"}
			}
		},
		{
			"from": [7.49, 6.7, 4],
			"to": [8.51, 7.6, 6.4],
			"rotation": {"angle": 22.5, "axis": "x", "origin": [8, 9.9, 5.45]},
			"faces": {
				"east": {"uv": [16, 4.95, 14.8, 4.5], "rotation": 180, "texture": "#0"},
				"south": {"uv": [14.8, 4.95, 15.3, 4.5], "rotation": 180, "texture": "#0"},
				"west": {"uv": [14.8, 4.95, 16, 4.5], "rotation": 180, "texture": "#0"},
				"down": {"uv": [15.5, 4.7, 16, 3.5], "texture": "#0"}
			}
		},
		{
			"from": [7.51, 7.96, 4.01],
			"to": [8.49, 9.94, 5.44],
			"rotation": {"angle": 22.5, "axis": "x", "origin": [8, 9.9, 5.45]},
			"faces": {
				"east": {"uv": [10.5, 4, 11.5, 4.525], "rotation": 270, "texture": "#0"},
				"south": {"uv": [11, 5, 11.5, 3.5], "texture": "#0"},
				"west": {"uv": [11.5, 4, 10.5, 4.525], "rotation": 90, "texture": "#0"}
			}
		},
		{
			"from": [7.5, 8.68, 3.05],
			"to": [8.5, 11.46, 4.5],
			"rotation": {"angle": -22.5, "axis": "x", "origin": [8, 9.9, 5.45]},
			"faces": {
				"north": {"uv": [12.5, 4.39, 13, 3], "rotation": 180, "texture": "#0"},
				"east": {"uv": [8.5, 3.5, 9.79, 4.675], "rotation": 270, "texture": "#0"},
				"south": {"uv": [8.5, 4.89, 9, 3.5], "texture": "#0"},
				"west": {"uv": [9.79, 3.5, 8.5, 4.675], "rotation": 90, "texture": "#0"}
			}
		},
		{
			"from": [7.49, 8.68, 2.15],
			"to": [8.51, 11.46, 3.1],
			"rotation": {"angle": -22.5, "axis": "x", "origin": [8, 9.9, 5.45]},
			"faces": {
				"north": {"uv": [15.5, 4.89, 16, 3.5], "rotation": 180, "texture": "#0"},
				"east": {"uv": [14.61, 4.5, 16, 4.975], "rotation": 270, "texture": "#0"},
				"south": {"uv": [15.49, 4.89, 16, 3.5], "texture": "#0"},
				"west": {"uv": [16, 4.5, 14.61, 4.975], "rotation": 90, "texture": "#0"}
			}
		},
		{
			"from": [7.485, 11.4, 4],
			"to": [8.515, 12.4, 6.2],
			"rotation": {"angle": -22.5, "axis": "x", "origin": [8, 10, 7]},
			"faces": {
				"east": {"uv": [10.5, 7, 10.95, 7.9], "rotation": 90, "texture": "#0"},
				"west": {"uv": [10.5, 7.9, 10.95, 7], "rotation": 90, "texture": "#0"},
				"down": {"uv": [10.5, 7.9, 10.965, 7], "texture": "#0"}
			}
		},
		{
			"from": [7.485, 10.4, 4.2],
			"to": [8.515, 11.4, 8],
			"rotation": {"angle": -22.5, "axis": "x", "origin": [8, 10, 7]},
			"faces": {
				"east": {"uv": [10, 7.4, 10.5, 9.3], "rotation": 90, "texture": "#0"},
				"west": {"uv": [10, 9.3, 10.5, 7.4], "rotation": 90, "texture": "#0"},
				"down": {"uv": [10, 9.3, 10.5, 7.4], "texture": "#0"}
			}
		},
		{
			"from": [7.5, 10.8, 8],
			"to": [8.5, 12.2, 9.6],
			"rotation": {"angle": 22.5, "axis": "x", "origin": [8, 9.8, 9]},
			"faces": {
				"east": {"uv": [8.5, 3, 9.3, 3.7], "texture": "#0"},
				"west": {"uv": [9.3, 3, 8.5, 3.7], "texture": "#0"},
				"down": {"uv": [11.5, 4.3, 11, 3.5], "texture": "#0"}
			}
		},
		{
			"from": [7.5, 10.9, 8],
			"to": [8.5, 12.4, 9.8],
			"rotation": {"angle": -22.5, "axis": "x", "origin": [8, 12.8, 9]},
			"faces": {
				"east": {"uv": [8.5, 3, 9.5, 3.5], "texture": "#0"},
				"west": {"uv": [9.5, 3, 8.5, 3.5], "texture": "#0"},
				"up": {"uv": [9, 3.9, 8.5, 3], "texture": "#0"}
			}
		},
		{
			"from": [7, -12, 7],
			"to": [9, -3, 9],
			"rotation": {"angle": 0, "axis": "y", "origin": [8, 0, 8]},
			"faces": {
				"north": {"uv": [7.5, 0, 8.5, 4.5], "texture": "#0"},
				"east": {"uv": [7.5, 0, 8.5, 4.5], "texture": "#0"},
				"south": {"uv": [7.5, 0, 8.5, 4.5], "texture": "#0"},
				"west": {"uv": [7.5, 0, 8.5, 4.5], "texture": "#0"}
			}
		}
	],
	"gui_light": "front",
	"display": {
		"thirdperson_righthand": {
			"translation": [0, 9.75, 1.5],
			"scale": [0.76, 0.76, 0.76]
		},
		"thirdperson_lefthand": {
			"translation": [0, 9.75, 1.5],
			"scale": [0.76, 0.76, 0.76]
		},
		"firstperson_righthand": {
			"rotation": [-7.75, 5, 0],
			"translation": [4.25, 9, -5.25],
			"scale": [0.75, 0.75, 0.75]
		},
		"firstperson_lefthand": {
			"rotation": [-7.75, 5, 0],
			"translation": [4.25, 9, -5.25],
			"scale": [0.75, 0.75, 0.75]
		},
		"ground": {
			"rotation": [-47, 0.8, -1.89],
			"translation": [0, 1.75, 0],
			"scale": [0.25, 0.25, 0.25]
		},
		"gui": {
			"rotation": [-90, 135, 90],
			"translation": [2.25, 2.5, 0],
			"scale": [0.57, 0.57, 0.57]
		},
		"head": {
			"rotation": [-90, -58, 90],
			"translation": [-3.5, -22, 4.25],
			"scale": [1.22, 1.22, 1.22]
		},
		"fixed": {
			"rotation": [-90, -45, -90],
			"translation": [2.75, 3, 0],
			"scale": [0.73, 0.73, 0.73]
		}
	},
	"groups": [
		{
			"name": "horseman_axe",
			"origin": [8, 8, 8],
			"color": 0,
			"nbt": "{}",
			"children": [0, 1, 2, 3, 4, 5, 6, 7, 8, 9, 10, 11, 12, 13, 14, 15, 16, 17, 18, 19, 20, 21, 22, 23, 24, 25]
		}
	]
}