{
	"credit": "Made with Blockbench",
	"parent": "diamond_morningstar",
	"texture_size": [32, 32],
	"textures": {
		"0": "diamond_historical_weapons",
		"particle": "diamond_historical_weapons"
	},
	"elements": [
		{
			"from": [7, -13, 7],
			"to": [9, 6, 9],
			"rotation": {"angle": 0, "axis": "y", "origin": [8, 0, 8]},
			"faces": {
				"north": {"uv": [5, 0.5, 6, 10], "texture": "#0"},
				"east": {"uv": [5, 0.5, 6, 10], "texture": "#0"},
				"south": {"uv": [5, 0.5, 6, 10], "texture": "#0"},
				"west": {"uv": [5, 0.5, 6, 10], "texture": "#0"},
				"down": {"uv": [1, 15, 2, 16], "texture": "#0"}
			}
		},
		{
			"from": [5.5, 14, 5.5],
			"to": [10.5, 19, 10.5],
			"rotation": {"angle": 0, "axis": "y", "origin": [8, 0, 8]},
			"faces": {
				"north": {"uv": [8, 13.5, 10.5, 16], "texture": "#0"},
				"east": {"uv": [8, 13.5, 10.5, 16], "texture": "#0"},
				"south": {"uv": [8, 13.5, 10.5, 16], "texture": "#0"},
				"west": {"uv": [8, 13.5, 10.5, 16], "texture": "#0"},
				"up": {"uv": [8, 11, 10.5, 13.5], "texture": "#0"},
				"down": {"uv": [8, 13.5, 10.5, 16], "texture": "#0"}
			}
		},
		{
			"from": [6.5, 6, 6.5],
			"to": [9.5, 7, 9.5],
			"rotation": {"angle": 0, "axis": "y", "origin": [8, 0, 8]},
			"faces": {
				"north": {"uv": [12.5, 13, 14, 13.5], "texture": "#0"},
				"east": {"uv": [12.5, 13, 14, 13.5], "texture": "#0"},
				"south": {"uv": [12.5, 13, 14, 13.5], "texture": "#0"},
				"west": {"uv": [12.5, 13, 14, 13.5], "texture": "#0"},
				"up": {"uv": [12.5, 13, 14, 14.5], "texture": "#0"},
				"down": {"uv": [12.5, 13, 14, 14.5], "texture": "#0"}
			}
		},
		{
			"from": [6.9, 6.9, 6.9],
			"to": [9.1, 14.1, 9.1],
			"rotation": {"angle": 0, "axis": "y", "origin": [8, 0, 8]},
			"faces": {
				"north": {"uv": [2, 12, 3, 15.5], "texture": "#0"},
				"east": {"uv": [2, 12, 3, 15.5], "texture": "#0"},
				"south": {"uv": [2, 12, 3, 15.5], "texture": "#0"},
				"west": {"uv": [2, 12, 3, 15.5], "texture": "#0"}
			}
		},
		{
			"from": [7.5, 16.1, 3.1],
			"to": [8.5, 16.65, 3.65],
			"rotation": {"angle": 45, "axis": "x", "origin": [8, 16.5, 3.5]},
			"faces": {
				"north": {"uv": [13, 14.5, 13.5, 14.775], "texture": "#0"},
				"east": {"uv": [13, 14.5, 13.275, 14.775], "texture": "#0"},
				"west": {"uv": [13, 14.5, 13.275, 14.775], "texture": "#0"},
				"down": {"uv": [13, 14.725, 13.5, 15], "texture": "#0"}
			}
		},
		{
			"from": [7.5, 16.5, 3.6],
			"to": [8.5, 17.5, 6],
			"rotation": {"angle": -22.5, "axis": "x", "origin": [8, 16.5, 5]},
			"faces": {
				"east": {"uv": [13.2, 15, 12, 15.5], "texture": "#0"},
				"west": {"uv": [12, 15, 13.2, 15.5], "texture": "#0"},
				"up": {"uv": [12, 15, 13.2, 15.5], "rotation": 90, "texture": "#0"}
			}
		},
		{
			"from": [7.5, 15.5, 3.6],
			"to": [8.5, 16.5, 6],
			"rotation": {"angle": 22.5, "axis": "x", "origin": [8, 16.5, 5]},
			"faces": {
				"east": {"uv": [13.2, 15, 12, 15.5], "texture": "#0"},
				"west": {"uv": [12, 15, 13.2, 15.5], "texture": "#0"},
				"down": {"uv": [13.2, 15, 12, 15.5], "rotation": 90, "texture": "#0"}
			}
		},
		{
			"from": [7.49, 15.24, 4.44],
			"to": [8.51, 17.06, 6.26],
			"rotation": {"angle": -45, "axis": "x", "origin": [8, 16.5, 5]},
			"faces": {
				"east": {"uv": [14, 10.5, 15, 11.5], "rotation": 90, "texture": "#0"},
				"west": {"uv": [14, 10.5, 15, 11.5], "texture": "#0"}
			}
		},
		{
			"from": [9.74, 15.24, 7.49],
			"to": [11.56, 17.06, 8.51],
			"rotation": {"angle": -45, "axis": "z", "origin": [11, 16.5, 8]},
			"faces": {
				"north": {"uv": [14, 10.5, 15, 11.5], "texture": "#0"},
				"south": {"uv": [14, 10.5, 15, 11.5], "rotation": 90, "texture": "#0"}
			}
		},
		{
			"from": [4.44, 15.24, 7.49],
			"to": [6.26, 17.06, 8.51],
			"rotation": {"angle": 45, "axis": "z", "origin": [5, 16.5, 8]},
			"faces": {
				"north": {"uv": [14, 10.5, 15, 11.5], "rotation": 90, "texture": "#0"},
				"south": {"uv": [14, 10.5, 15, 11.5], "texture": "#0"}
			}
		},
		{
			"from": [3.1, 16.1, 7.5],
			"to": [3.65, 16.65, 8.5],
			"rotation": {"angle": -45, "axis": "z", "origin": [3.5, 16.5, 8]},
			"faces": {
				"north": {"uv": [13, 14.5, 13.275, 14.775], "texture": "#0"},
				"south": {"uv": [13, 14.5, 13.275, 14.775], "texture": "#0"},
				"west": {"uv": [13, 14.5, 13.5, 14.775], "texture": "#0"},
				"down": {"uv": [13.5, 15, 13, 14.725], "rotation": 270, "texture": "#0"}
			}
		},
		{
			"from": [3.6, 16.5, 7.5],
			"to": [6, 17.5, 8.5],
			"rotation": {"angle": 22.5, "axis": "z", "origin": [5, 16.5, 8]},
			"faces": {
				"north": {"uv": [13.2, 15, 12, 15.5], "texture": "#0"},
				"south": {"uv": [12, 15, 13.2, 15.5], "texture": "#0"},
				"up": {"uv": [12, 15.5, 13.2, 15], "texture": "#0"}
			}
		},
		{
			"from": [3.6, 15.5, 7.5],
			"to": [6, 16.5, 8.5],
			"rotation": {"angle": -22.5, "axis": "z", "origin": [5, 16.5, 8]},
			"faces": {
				"north": {"uv": [13.2, 15, 12, 15.5], "texture": "#0"},
				"south": {"uv": [12, 15, 13.2, 15.5], "texture": "#0"},
				"down": {"uv": [13.2, 15.5, 12, 15], "rotation": 180, "texture": "#0"}
			}
		},
		{
			"from": [5.04, 17.64, 7.49],
			"to": [6.86, 19.46, 8.51],
			"rotation": {"angle": 0, "axis": "y", "origin": [5.6, 18.9, 8]},
			"faces": {
				"north": {"uv": [14, 10.5, 15, 11.5], "rotation": 90, "texture": "#0"},
				"south": {"uv": [14, 10.5, 15, 11.5], "texture": "#0"}
			}
		},
		{
			"from": [4.15, 19.8, 7.5],
			"to": [4.7, 20.35, 8.5],
			"rotation": {"angle": 0, "axis": "y", "origin": [4.6, 19.9, 8]},
			"faces": {
				"north": {"uv": [13, 14.675, 13.275, 14.95], "rotation": 270, "texture": "#0"},
				"south": {"uv": [13, 14.675, 13.275, 14.95], "rotation": 90, "texture": "#0"},
				"west": {"uv": [13, 14.725, 13.5, 15], "texture": "#0"},
				"up": {"uv": [13, 14.675, 13.5, 14.95], "rotation": 90, "texture": "#0"}
			}
		},
		{
			"from": [4.2, 18.9, 7.5],
			"to": [6.6, 19.9, 8.5],
			"rotation": {"angle": -22.5, "axis": "z", "origin": [5.6, 18.9, 8]},
			"faces": {
				"north": {"uv": [13.2, 15, 12, 15.5], "texture": "#0"},
				"south": {"uv": [12, 15, 13.2, 15.5], "texture": "#0"},
				"up": {"uv": [12, 15, 13.2, 15.5], "texture": "#0"}
			}
		},
		{
			"from": [4.6, 17.9, 7.5],
			"to": [5.6, 20.3, 8.5],
			"rotation": {"angle": 22.5, "axis": "z", "origin": [5.6, 18.9, 8]},
			"faces": {
				"north": {"uv": [13.2, 15, 12, 15.5], "rotation": 270, "texture": "#0"},
				"south": {"uv": [12, 15, 13.2, 15.5], "rotation": 90, "texture": "#0"},
				"west": {"uv": [12, 15, 13.2, 15.5], "rotation": 90, "texture": "#0"}
			}
		},
		{
			"from": [9.14, 17.64, 7.49],
			"to": [10.96, 19.46, 8.51],
			"rotation": {"angle": 0, "axis": "y", "origin": [10.4, 18.9, 8]},
			"faces": {
				"north": {"uv": [14, 10.5, 15, 11.5], "texture": "#0"},
				"south": {"uv": [14, 10.5, 15, 11.5], "rotation": 90, "texture": "#0"}
			}
		},
		{
			"from": [5.04, 13.54, 7.49],
			"to": [6.86, 15.36, 8.51],
			"rotation": {"angle": 0, "axis": "y", "origin": [5.6, 14.1, 8]},
			"faces": {
				"north": {"uv": [15, 11.5, 14, 10.5], "texture": "#0"},
				"south": {"uv": [15, 11.5, 14, 10.5], "rotation": 90, "texture": "#0"}
			}
		},
		{
			"from": [9.14, 13.54, 7.49],
			"to": [10.96, 15.36, 8.51],
			"rotation": {"angle": 0, "axis": "y", "origin": [10.4, 14.1, 8]},
			"faces": {
				"north": {"uv": [15, 11.5, 14, 10.5], "rotation": 90, "texture": "#0"},
				"south": {"uv": [15, 11.5, 14, 10.5], "texture": "#0"}
			}
		},
		{
			"from": [7.5, 19.8, 4.25],
			"to": [8.5, 20.35, 4.8],
			"rotation": {"angle": 0, "axis": "y", "origin": [8, 19.9, 4.7]},
			"faces": {
				"north": {"uv": [15.5, 8.05, 16, 8.325], "texture": "#0"},
				"east": {"uv": [15.5, 8, 15.775, 8.275], "rotation": 270, "texture": "#0"},
				"west": {"uv": [15.5, 8, 15.775, 8.275], "rotation": 90, "texture": "#0"},
				"up": {"uv": [15.5, 8, 16, 8.275], "rotation": 180, "texture": "#0"}
			}
		},
		{
			"from": [7.49, 17.64, 5.14],
			"to": [8.51, 19.46, 6.96],
			"rotation": {"angle": 0, "axis": "y", "origin": [8, 18.9, 5.7]},
			"faces": {
				"east": {"uv": [14, 10.5, 15, 11.5], "rotation": 90, "texture": "#0"},
				"west": {"uv": [14, 10.5, 15, 11.5], "texture": "#0"}
			}
		},
		{
			"from": [7.5, 18.9, 4.3],
			"to": [8.5, 19.9, 6.7],
			"rotation": {"angle": 22.5, "axis": "x", "origin": [8, 18.9, 5.7]},
			"faces": {
				"east": {"uv": [13.2, 15, 12, 15.5], "texture": "#0"},
				"west": {"uv": [12, 15, 13.2, 15.5], "texture": "#0"},
				"up": {"uv": [12, 15, 13.2, 15.5], "rotation": 90, "texture": "#0"}
			}
		},
		{
			"from": [7.5, 17.9, 4.7],
			"to": [8.5, 20.3, 5.7],
			"rotation": {"angle": -22.5, "axis": "x", "origin": [8, 18.9, 5.7]},
			"faces": {
				"north": {"uv": [12, 15, 13.2, 15.5], "rotation": 90, "texture": "#0"},
				"east": {"uv": [13.2, 15, 12, 15.5], "rotation": 270, "texture": "#0"},
				"west": {"uv": [12, 15, 13.2, 15.5], "rotation": 90, "texture": "#0"}
			}
		},
		{
			"from": [7.5, 19.8, 11.2],
			"to": [8.5, 20.35, 11.75],
			"rotation": {"angle": 0, "axis": "y", "origin": [8, 19.9, 11.3]},
			"faces": {
				"east": {"uv": [15.5, 8, 15.775, 8.275], "rotation": 90, "texture": "#0"},
				"south": {"uv": [15.5, 8.05, 16, 8.325], "texture": "#0"},
				"west": {"uv": [15.5, 8, 15.775, 8.275], "rotation": 270, "texture": "#0"},
				"up": {"uv": [16, 8.275, 15.5, 8], "rotation": 180, "texture": "#0"}
			}
		},
		{
			"from": [7.5, 18.9, 9.3],
			"to": [8.5, 19.9, 11.7],
			"rotation": {"angle": -22.5, "axis": "x", "origin": [8, 18.9, 10.3]},
			"faces": {
				"east": {"uv": [12, 15, 13.2, 15.5], "texture": "#0"},
				"west": {"uv": [13.2, 15, 12, 15.5], "texture": "#0"},
				"up": {"uv": [13.2, 15.5, 12, 15], "rotation": 90, "texture": "#0"}
			}
		},
		{
			"from": [7.5, 17.9, 10.3],
			"to": [8.5, 20.3, 11.3],
			"rotation": {"angle": 22.5, "axis": "x", "origin": [8, 18.9, 10.3]},
			"faces": {
				"east": {"uv": [12, 15, 13.2, 15.5], "rotation": 90, "texture": "#0"},
				"south": {"uv": [12, 15, 13.2, 15.5], "rotation": 90, "texture": "#0"},
				"west": {"uv": [13.2, 15, 12, 15.5], "rotation": 270, "texture": "#0"}
			}
		},
		{
			"from": [7.5, 13.1, 9.3],
			"to": [8.5, 14.1, 11.7],
			"rotation": {"angle": 22.5, "axis": "x", "origin": [8, 14.1, 10.3]},
			"faces": {
				"east": {"uv": [12, 15.5, 13.2, 15], "texture": "#0"},
				"west": {"uv": [13.2, 15.5, 12, 15], "texture": "#0"},
				"down": {"uv": [12, 15.5, 13.2, 15], "rotation": 90, "texture": "#0"}
			}
		},
		{
			"from": [7.5, 12.65, 11.2],
			"to": [8.5, 13.2, 11.75],
			"rotation": {"angle": 0, "axis": "y", "origin": [8, 13.1, 11.3]},
			"faces": {
				"east": {"uv": [15.775, 8, 15.5, 8.275], "rotation": 90, "texture": "#0"},
				"south": {"uv": [15.5, 8.325, 16, 8.05], "texture": "#0"},
				"west": {"uv": [15.775, 8, 15.5, 8.275], "rotation": 270, "texture": "#0"},
				"down": {"uv": [16, 8, 15.5, 8.275], "rotation": 180, "texture": "#0"}
			}
		},
		{
			"from": [7.5, 12.7, 10.3],
			"to": [8.5, 15.1, 11.3],
			"rotation": {"angle": -22.5, "axis": "x", "origin": [8, 14.1, 10.3]},
			"faces": {
				"east": {"uv": [13.2, 15, 12, 15.5], "rotation": 90, "texture": "#0"},
				"south": {"uv": [13.2, 15, 12, 15.5], "rotation": 90, "texture": "#0"},
				"west": {"uv": [12, 15, 13.2, 15.5], "rotation": 270, "texture": "#0"}
			}
		},
		{
			"from": [7.5, 16.1, 12.35],
			"to": [8.5, 16.65, 12.9],
			"rotation": {"angle": -45, "axis": "x", "origin": [8, 16.5, 12.5]},
			"faces": {
				"east": {"uv": [13, 14.5, 13.275, 14.775], "texture": "#0"},
				"south": {"uv": [13, 14.5, 13.5, 14.775], "texture": "#0"},
				"west": {"uv": [13, 14.5, 13.275, 14.775], "texture": "#0"},
				"down": {"uv": [13.5, 15, 13, 14.725], "texture": "#0"}
			}
		},
		{
			"from": [7.5, 16.5, 10],
			"to": [8.5, 17.5, 12.4],
			"rotation": {"angle": 22.5, "axis": "x", "origin": [8, 16.5, 11]},
			"faces": {
				"east": {"uv": [12, 15, 13.2, 15.5], "texture": "#0"},
				"west": {"uv": [13.2, 15, 12, 15.5], "texture": "#0"},
				"up": {"uv": [13.2, 15.5, 12, 15], "rotation": 90, "texture": "#0"}
			}
		},
		{
			"from": [7.5, 15.5, 10],
			"to": [8.5, 16.5, 12.4],
			"rotation": {"angle": -22.5, "axis": "x", "origin": [8, 16.5, 11]},
			"faces": {
				"east": {"uv": [12, 15, 13.2, 15.5], "texture": "#0"},
				"west": {"uv": [13.2, 15, 12, 15.5], "texture": "#0"},
				"down": {"uv": [12, 15.5, 13.2, 15], "rotation": 90, "texture": "#0"}
			}
		},
		{
			"from": [4.15, 12.65, 7.5],
			"to": [4.7, 13.2, 8.5],
			"rotation": {"angle": 0, "axis": "y", "origin": [4.6, 13.1, 8]},
			"faces": {
				"north": {"uv": [13.275, 14.675, 13, 14.95], "rotation": 270, "texture": "#0"},
				"south": {"uv": [13.275, 14.675, 13, 14.95], "rotation": 90, "texture": "#0"},
				"west": {"uv": [13, 15, 13.5, 14.725], "texture": "#0"},
				"down": {"uv": [13.5, 14.675, 13, 14.95], "rotation": 90, "texture": "#0"}
			}
		},
		{
			"from": [4.2, 13.1, 7.5],
			"to": [6.6, 14.1, 8.5],
			"rotation": {"angle": 22.5, "axis": "z", "origin": [5.6, 14.1, 8]},
			"faces": {
				"north": {"uv": [13.2, 15.5, 12, 15], "texture": "#0"},
				"south": {"uv": [12, 15.5, 13.2, 15], "texture": "#0"},
				"down": {"uv": [12, 15.5, 13.2, 15], "texture": "#0"}
			}
		},
		{
			"from": [4.6, 12.7, 7.5],
			"to": [5.6, 15.1, 8.5],
			"rotation": {"angle": -22.5, "axis": "z", "origin": [5.6, 14.1, 8]},
			"faces": {
				"north": {"uv": [12, 15, 13.2, 15.5], "rotation": 270, "texture": "#0"},
				"south": {"uv": [13.2, 15, 12, 15.5], "rotation": 90, "texture": "#0"},
				"west": {"uv": [13.2, 15, 12, 15.5], "rotation": 90, "texture": "#0"}
			}
		},
		{
			"from": [10.4, 17.9, 7.5],
			"to": [11.4, 20.3, 8.5],
			"rotation": {"angle": -22.5, "axis": "z", "origin": [10.4, 18.9, 8]},
			"faces": {
				"north": {"uv": [13.2, 15.5, 12, 15], "rotation": 270, "texture": "#0"},
				"east": {"uv": [12, 15.5, 13.2, 15], "rotation": 90, "texture": "#0"},
				"south": {"uv": [12, 15.5, 13.2, 15], "rotation": 90, "texture": "#0"}
			}
		},
		{
			"from": [9.4, 18.9, 7.5],
			"to": [11.8, 19.9, 8.5],
			"rotation": {"angle": 22.5, "axis": "z", "origin": [10.4, 18.9, 8]},
			"faces": {
				"north": {"uv": [12, 15, 13.2, 15.5], "texture": "#0"},
				"south": {"uv": [13.2, 15, 12, 15.5], "texture": "#0"},
				"up": {"uv": [13.2, 15, 12, 15.5], "texture": "#0"}
			}
		},
		{
			"from": [11.3, 19.8, 7.5],
			"to": [11.85, 20.35, 8.5],
			"rotation": {"angle": 0, "axis": "y", "origin": [11.4, 19.9, 8]},
			"faces": {
				"north": {"uv": [13, 14.95, 13.275, 14.675], "rotation": 270, "texture": "#0"},
				"east": {"uv": [13.5, 14.725, 13, 15], "texture": "#0"},
				"south": {"uv": [13, 14.95, 13.275, 14.675], "rotation": 90, "texture": "#0"},
				"up": {"uv": [13, 14.95, 13.5, 14.675], "rotation": 90, "texture": "#0"}
			}
		},
		{
			"from": [10, 16.5, 7.5],
			"to": [12.4, 17.5, 8.5],
			"rotation": {"angle": -22.5, "axis": "z", "origin": [11, 16.5, 8]},
			"faces": {
				"north": {"uv": [12, 15, 13.2, 15.5], "texture": "#0"},
				"south": {"uv": [13.2, 15, 12, 15.5], "texture": "#0"},
				"up": {"uv": [13.2, 15.5, 12, 15], "texture": "#0"}
			}
		},
		{
			"from": [12.35, 16.1, 7.5],
			"to": [12.9, 16.65, 8.5],
			"rotation": {"angle": 45, "axis": "z", "origin": [12.5, 16.5, 8]},
			"faces": {
				"north": {"uv": [13.275, 14.5, 13, 14.775], "texture": "#0"},
				"east": {"uv": [13.5, 14.5, 13, 14.775], "texture": "#0"},
				"south": {"uv": [13.275, 14.5, 13, 14.775], "texture": "#0"},
				"down": {"uv": [13.5, 14.725, 13, 15], "rotation": 270, "texture": "#0"}
			}
		},
		{
			"from": [10, 15.5, 7.5],
			"to": [12.4, 16.5, 8.5],
			"rotation": {"angle": 22.5, "axis": "z", "origin": [11, 16.5, 8]},
			"faces": {
				"north": {"uv": [12, 15, 13.2, 15.5], "texture": "#0"},
				"south": {"uv": [13.2, 15, 12, 15.5], "texture": "#0"},
				"down": {"uv": [12, 15.5, 13.2, 15], "rotation": 180, "texture": "#0"}
			}
		},
		{
			"from": [10.4, 12.7, 7.5],
			"to": [11.4, 15.1, 8.5],
			"rotation": {"angle": 22.5, "axis": "z", "origin": [10.4, 14.1, 8]},
			"faces": {
				"north": {"uv": [12, 15.5, 13.2, 15], "rotation": 270, "texture": "#0"},
				"east": {"uv": [13.2, 15.5, 12, 15], "rotation": 90, "texture": "#0"},
				"south": {"uv": [13.2, 15.5, 12, 15], "rotation": 90, "texture": "#0"}
			}
		},
		{
			"from": [11.3, 12.65, 7.5],
			"to": [11.85, 13.2, 8.5],
			"rotation": {"angle": 0, "axis": "y", "origin": [11.4, 13.1, 8]},
			"faces": {
				"north": {"uv": [13.275, 14.95, 13, 14.675], "rotation": 270, "texture": "#0"},
				"east": {"uv": [13.5, 15, 13, 14.725], "texture": "#0"},
				"south": {"uv": [13.275, 14.95, 13, 14.675], "rotation": 90, "texture": "#0"},
				"down": {"uv": [13.5, 14.95, 13, 14.675], "rotation": 90, "texture": "#0"}
			}
		},
		{
			"from": [9.4, 13.1, 7.5],
			"to": [11.8, 14.1, 8.5],
			"rotation": {"angle": -22.5, "axis": "z", "origin": [10.4, 14.1, 8]},
			"faces": {
				"north": {"uv": [12, 15.5, 13.2, 15], "texture": "#0"},
				"south": {"uv": [13.2, 15.5, 12, 15], "texture": "#0"},
				"down": {"uv": [13.2, 15.5, 12, 15], "texture": "#0"}
			}
		},
		{
			"from": [7.5, 12.65, 4.25],
			"to": [8.5, 13.2, 4.8],
			"rotation": {"angle": 0, "axis": "y", "origin": [8, 13.1, 4.7]},
			"faces": {
				"north": {"uv": [15.5, 8.325, 16, 8.05], "texture": "#0"},
				"east": {"uv": [15.775, 8, 15.5, 8.275], "rotation": 270, "texture": "#0"},
				"west": {"uv": [15.775, 8, 15.5, 8.275], "rotation": 90, "texture": "#0"},
				"down": {"uv": [15.5, 8.275, 16, 8], "rotation": 180, "texture": "#0"}
			}
		},
		{
			"from": [7.5, 13.1, 4.3],
			"to": [8.5, 14.1, 6.7],
			"rotation": {"angle": -22.5, "axis": "x", "origin": [8, 14.1, 5.7]},
			"faces": {
				"east": {"uv": [13.2, 15.5, 12, 15], "texture": "#0"},
				"west": {"uv": [12, 15.5, 13.2, 15], "texture": "#0"},
				"down": {"uv": [13.2, 15, 12, 15.5], "rotation": 90, "texture": "#0"}
			}
		},
		{
			"from": [7.5, 12.7, 4.7],
			"to": [8.5, 15.1, 5.7],
			"rotation": {"angle": 22.5, "axis": "x", "origin": [8, 14.1, 5.7]},
			"faces": {
				"north": {"uv": [13.2, 15, 12, 15.5], "rotation": 90, "texture": "#0"},
				"east": {"uv": [12, 15, 13.2, 15.5], "rotation": 270, "texture": "#0"},
				"west": {"uv": [13.2, 15, 12, 15.5], "rotation": 90, "texture": "#0"}
			}
		},
		{
			"from": [7.49, 17.64, 9.04],
			"to": [8.51, 19.46, 10.86],
			"rotation": {"angle": 0, "axis": "y", "origin": [8, 18.9, 10.5]},
			"faces": {
				"east": {"uv": [14, 10.5, 15, 11.5], "texture": "#0"},
				"west": {"uv": [14, 10.5, 15, 11.5], "rotation": 90, "texture": "#0"}
			}
		},
		{
			"from": [7.49, 13.54, 5.14],
			"to": [8.51, 15.36, 6.96],
			"rotation": {"angle": 0, "axis": "y", "origin": [8, 14.1, 5.7]},
			"faces": {
				"east": {"uv": [15, 11.5, 14, 10.5], "texture": "#0"},
				"west": {"uv": [15, 11.5, 14, 10.5], "rotation": 90, "texture": "#0"}
			}
		},
		{
			"from": [7.49, 13.54, 9.04],
			"to": [8.51, 15.36, 10.86],
			"rotation": {"angle": 0, "axis": "y", "origin": [8, 14.1, 10.5]},
			"faces": {
				"east": {"uv": [15, 11.5, 14, 10.5], "rotation": 90, "texture": "#0"},
				"west": {"uv": [15, 11.5, 14, 10.5], "texture": "#0"}
			}
		},
		{
			"from": [7.49, 15.24, 9.74],
			"to": [8.51, 17.06, 11.56],
			"rotation": {"angle": 45, "axis": "x", "origin": [8, 16.5, 11]},
			"faces": {
				"east": {"uv": [14, 10.5, 15, 11.5], "texture": "#0"},
				"west": {"uv": [14, 10.5, 15, 11.5], "rotation": 90, "texture": "#0"}
			}
		},
		{
			"from": [7.5, 20.85, 7.6],
			"to": [8.5, 21.4, 8.15],
			"rotation": {"angle": 45, "axis": "x", "origin": [8, 21, 8]},
			"faces": {
				"north": {"uv": [12, 15.225, 12.5, 15.5], "rotation": 180, "texture": "#0"},
				"east": {"uv": [12, 15, 12.275, 15.275], "rotation": 270, "texture": "#0"},
				"west": {"uv": [12, 15, 12.275, 15.275], "rotation": 90, "texture": "#0"},
				"up": {"uv": [12, 15, 12.5, 15.275], "rotation": 180, "texture": "#0"}
			}
		},
		{
			"from": [7.5, 18.5, 8],
			"to": [8.5, 20.9, 9],
			"rotation": {"angle": -22.5, "axis": "x", "origin": [8, 19.5, 8]},
			"faces": {
				"east": {"uv": [13.2, 15, 12, 15.5], "rotation": 270, "texture": "#0"},
				"south": {"uv": [12, 15, 13.2, 15.5], "rotation": 90, "texture": "#0"},
				"west": {"uv": [12, 15, 13.2, 15.5], "rotation": 90, "texture": "#0"}
			}
		},
		{
			"from": [7.5, 18.5, 7],
			"to": [8.5, 20.9, 8],
			"rotation": {"angle": 22.5, "axis": "x", "origin": [8, 19.5, 8]},
			"faces": {
				"north": {"uv": [12, 15, 13.2, 15.5], "rotation": 90, "texture": "#0"},
				"east": {"uv": [13.2, 15, 12, 15.5], "rotation": 270, "texture": "#0"},
				"west": {"uv": [12, 15, 13.2, 15.5], "rotation": 90, "texture": "#0"}
			}
		},
		{
			"from": [7.49, 18.24, 6.74],
			"to": [8.51, 20.06, 8.56],
			"rotation": {"angle": -45, "axis": "x", "origin": [8, 19.5, 8]},
			"faces": {
				"east": {"uv": [14, 10.5, 15, 11.5], "rotation": 270, "texture": "#0"},
				"west": {"uv": [14, 10.5, 15, 11.5], "rotation": 90, "texture": "#0"}
			}
		},
		{
			"from": [7.44, 18.24, 7.49],
			"to": [9.26, 20.06, 8.51],
			"rotation": {"angle": -45, "axis": "z", "origin": [8, 19.5, 8]},
			"faces": {
				"north": {"uv": [14, 10.5, 15, 11.5], "rotation": 90, "texture": "#0"},
				"south": {"uv": [14, 10.5, 15, 11.5], "rotation": 270, "texture": "#0"}
			}
		},
		{
			"from": [8, 18.5, 7.5],
			"to": [9, 20.6, 8.5],
			"rotation": {"angle": 22.5, "axis": "z", "origin": [8, 19.5, 8]},
			"faces": {
				"north": {"uv": [12, 15, 13.05, 15.5], "rotation": 90, "texture": "#0"},
				"east": {"uv": [12, 15, 13.05, 15.5], "rotation": 90, "texture": "#0"},
				"south": {"uv": [13.05, 15, 12, 15.5], "rotation": 270, "texture": "#0"}
			}
		},
		{
			"from": [7, 18.5, 7.5],
			"to": [8, 20.6, 8.5],
			"rotation": {"angle": -22.5, "axis": "z", "origin": [8, 19.5, 8]},
			"faces": {
				"north": {"uv": [12, 15, 13.05, 15.5], "rotation": 90, "texture": "#0"},
				"south": {"uv": [13.05, 15, 12, 15.5], "rotation": 270, "texture": "#0"},
				"west": {"uv": [12, 15, 13.05, 15.5], "rotation": 90, "texture": "#0"}
			}
		}
	],
	"gui_light": "front",
	"display": {
		"thirdperson_righthand": {
			"translation": [0, 9.75, 1.5],
			"scale": [0.76, 0.76, 0.76]
		},
		"thirdperson_lefthand": {
			"translation": [0, 9.75, 1.5],
			"scale": [0.76, 0.76, 0.76]
		},
		"firstperson_righthand": {
			"rotation": [-7.75, 5, 0],
			"translation": [4.25, 9, -5.25],
			"scale": [0.75, 0.75, 0.75]
		},
		"firstperson_lefthand": {
			"rotation": [-7.75, 5, 0],
			"translation": [4.25, 9, -5.25],
			"scale": [0.75, 0.75, 0.75]
		},
		"ground": {
			"rotation": [-47, 0.8, -1.89],
			"translation": [0, 1.75, 0],
			"scale": [0.25, 0.25, 0.25]
		},
		"gui": {
			"rotation": [-90, 135, 90],
			"translation": [1.25, 1.25, 0],
			"scale": [0.57, 0.57, 0.57]
		},
		"head": {
			"rotation": [-90, -58, 90],
			"translation": [-3.5, -22, 4.25],
			"scale": [1.22, 1.22, 1.22]
		},
		"fixed": {
			"rotation": [-90, -45, -90],
			"translation": [1.75, 1.75, 0],
			"scale": [0.67, 0.67, 0.67]
		}
	},
	"groups": [
		{
			"name": "morningstar",
			"origin": [8, 8, 8],
			"color": 0,
			"nbt": "{}",
			"children": [
				0,
				1,
				2,
				3,
				4,
				5,
				6,
				7,
				8,
				9,
				10,
				11,
				12,
				13,
				14,
				15,
				16,
				17,
				18,
				19,
				20,
				21,
				22,
				23,
				24,
				25,
				26,
				27,
				28,
				29,
				30,
				31,
				32,
				33,
				34,
				35,
				36,
				37,
				38,
				39,
				40,
				41,
				42,
				43,
				44,
				45,
				46,
				47,
				48,
				49,
				50,
				51,
				52,
				53,
				54,
				55,
				56,
				57,
				58
			]
		}
	]
}