{
	"credit": "Made with Blockbench",
	"parent": "netherite_knight_shield",
	"texture_size": [32, 32],
	"textures": {
		"0": "netherite_historical_shields",
		"particle": "netherite_historical_shields"
	},
	"elements": [
		{
			"from": [9.22, 20.5, 6],
			"to": [12.82, 22.54, 8],
			"rotation": {"angle": 22.5, "axis": "z", "origin": [12.75, 22.3, 7]},
			"faces": {
				"north": {"uv": [0, 0, 1, 3.875], "rotation": 90, "texture": "#0"},
				"east": {"uv": [1, 1.5, 2, 2.5], "texture": "#0"},
				"south": {"uv": [3.55, 1, 6.525, 2], "texture": "#0"},
				"west": {"uv": [1, 1.5, 2, 2.5], "texture": "#0"},
				"up": {"uv": [6.05, 1, 4.25, 2], "texture": "#0"},
				"down": {"uv": [6.375, 2.5, 3.5, 1.5], "texture": "#0"}
			}
		},
		{
			"from": [8.33, 18.49, 5.99],
			"to": [11.55, 20.55, 8.01],
			"rotation": {"angle": -22.5, "axis": "z", "origin": [12.75, 22.3, 7]},
			"faces": {
				"north": {"uv": [4.05, 1, 2.5, 1.995], "texture": "#0"},
				"east": {"uv": [1, 1.5, 2, 2.52], "texture": "#0"},
				"south": {"uv": [2.55, 1, 4.1, 1.995], "texture": "#0"},
				"west": {"uv": [1, 1.5, 2, 2.52], "texture": "#0"},
				"up": {"uv": [5.3, 1, 3.75, 2], "texture": "#0"},
				"down": {"uv": [4.55, 2, 3, 1], "texture": "#0"}
			}
		},
		{
			"from": [6, -1, 6],
			"to": [10, 1, 8],
			"rotation": {"angle": 45, "axis": "z", "origin": [8, 3, 7]},
			"faces": {
				"north": {"uv": [1, 9.5, 0, 11.5], "rotation": 90, "texture": "#0"},
				"east": {"uv": [1, 1.5, 2, 2.5], "texture": "#0"},
				"south": {"uv": [3.55, 3, 5.55, 2], "texture": "#0"},
				"west": {"uv": [1, 1.5, 2, 2.5], "texture": "#0"},
				"up": {"uv": [5.75, 2, 3.75, 3], "texture": "#0"},
				"down": {"uv": [1, 11.975, 0, 9.5], "rotation": 90, "texture": "#0"}
			}
		},
		{
			"from": [4, -1, 6],
			"to": [6, 5, 8],
			"rotation": {"angle": 45, "axis": "z", "origin": [8, 3, 7]},
			"faces": {
				"north": {"uv": [6, 2, 3, 3], "rotation": 90, "texture": "#0"},
				"east": {"uv": [4, 2, 7, 3], "rotation": 90, "texture": "#0"},
				"south": {"uv": [6.05, 3, 3.05, 2], "rotation": 90, "texture": "#0"},
				"west": {"uv": [7, 3, 4, 2], "rotation": 90, "texture": "#0"},
				"up": {"uv": [3.75, 1, 2.75, 2], "texture": "#0"},
				"down": {"uv": [1, 11.875, 0, 9.5], "rotation": 90, "texture": "#0"}
			}
		},
		{
			"from": [13.1, 8.5, 6],
			"to": [15.1, 14.9, 8],
			"rotation": {"angle": 0, "axis": "y", "origin": [8.5, 2, 0]},
			"faces": {
				"north": {"uv": [1, 2.5, 4.2, 1.5], "rotation": 90, "texture": "#0"},
				"east": {"uv": [0, 3.2, 1, 0], "rotation": 180, "texture": "#0"},
				"south": {"uv": [4.2, 2.5, 1, 1.5], "rotation": 270, "texture": "#0"},
				"west": {"uv": [1, 10.7, 0, 7.5], "rotation": 180, "texture": "#0"}
			}
		},
		{
			"from": [13.1, 14.9, 6],
			"to": [15.1, 19.62, 8],
			"rotation": {"angle": -22.5, "axis": "z", "origin": [13.1, 14.9, 7]},
			"faces": {
				"north": {"uv": [0, 0, 1, 2.35], "texture": "#0"},
				"east": {"uv": [0, 2.35, 1, 0], "rotation": 180, "texture": "#0"},
				"south": {"uv": [0, 0, 1, 2.35], "rotation": 180, "texture": "#0"},
				"west": {"uv": [6.35, 2.5, 4, 1.5], "rotation": 90, "texture": "#0"}
			}
		},
		{
			"from": [12.69, 20.49, 5.99],
			"to": [18.41, 22.51, 8.01],
			"rotation": {"angle": -45, "axis": "z", "origin": [12.75, 22.5, 7]},
			"faces": {
				"north": {"uv": [6.65, 1, 3.35, 2], "texture": "#0"},
				"south": {"uv": [6.65, 1, 3.35, 2], "texture": "#0"},
				"up": {"uv": [3.5, 1, 6.35, 2], "texture": "#0"},
				"down": {"uv": [6.35, 2.5, 3.5, 1.5], "texture": "#0"}
			}
		},
		{
			"from": [4.47, 18.49, 5.99],
			"to": [7.66, 20.55, 8.01],
			"rotation": {"angle": 22.5, "axis": "z", "origin": [3.25, 22.3, 7]},
			"faces": {
				"north": {"uv": [2.5, 1, 4.05, 1.995], "texture": "#0"},
				"east": {"uv": [2, 1.5, 1, 2.52], "texture": "#0"},
				"south": {"uv": [4.1, 1, 2.55, 1.995], "texture": "#0"},
				"west": {"uv": [2, 1.5, 1, 2.52], "texture": "#0"},
				"up": {"uv": [3.75, 1, 5.3, 2], "texture": "#0"},
				"down": {"uv": [3, 2, 4.55, 1], "texture": "#0"}
			}
		},
		{
			"from": [3.18, 20.5, 6],
			"to": [6.78, 22.54, 8],
			"rotation": {"angle": -22.5, "axis": "z", "origin": [3.25, 22.3, 7]},
			"faces": {
				"north": {"uv": [0, 3.875, 1, 0], "rotation": 90, "texture": "#0"},
				"east": {"uv": [2, 1.5, 1, 2.5], "texture": "#0"},
				"south": {"uv": [6.525, 1, 3.55, 2], "texture": "#0"},
				"west": {"uv": [2, 1.5, 1, 2.5], "texture": "#0"},
				"up": {"uv": [4.25, 1, 6.05, 2], "texture": "#0"},
				"down": {"uv": [3.5, 2.5, 6.375, 1.5], "texture": "#0"}
			}
		},
		{
			"from": [-2.41, 20.49, 5.99],
			"to": [3.31, 22.51, 8.01],
			"rotation": {"angle": 45, "axis": "z", "origin": [3.25, 22.5, 7]},
			"faces": {
				"north": {"uv": [3.35, 1, 6.65, 2], "texture": "#0"},
				"south": {"uv": [3.35, 1, 6.65, 2], "texture": "#0"},
				"up": {"uv": [6.35, 1, 3.5, 2], "texture": "#0"},
				"down": {"uv": [3.5, 2.5, 6.35, 1.5], "texture": "#0"}
			}
		},
		{
			"from": [0.9, 14.9, 6],
			"to": [2.9, 19.62, 8],
			"rotation": {"angle": 22.5, "axis": "z", "origin": [2.9, 14.9, 7]},
			"faces": {
				"north": {"uv": [1, 0, 0, 2.35], "texture": "#0"},
				"east": {"uv": [6.35, 1.5, 4, 2.5], "rotation": 90, "texture": "#0"},
				"south": {"uv": [1, 0, 0, 2.35], "rotation": 180, "texture": "#0"},
				"west": {"uv": [1, 2.35, 0, 0], "rotation": 180, "texture": "#0"}
			}
		},
		{
			"from": [0.9, 8.5, 6],
			"to": [2.9, 14.9, 8],
			"rotation": {"angle": 0, "axis": "y", "origin": [7.5, 2, 0]},
			"faces": {
				"north": {"uv": [1, 1.5, 4.2, 2.5], "rotation": 90, "texture": "#0"},
				"east": {"uv": [0, 10.7, 1, 7.5], "rotation": 180, "texture": "#0"},
				"south": {"uv": [4.2, 1.5, 1, 2.5], "rotation": 270, "texture": "#0"},
				"west": {"uv": [1, 3.2, 0, 0], "rotation": 180, "texture": "#0"}
			}
		},
		{
			"from": [3.74, 1.54, 5.99],
			"to": [5.76, 9.06, 8.01],
			"rotation": {"angle": 22.5, "axis": "z", "origin": [3.75, 1.6, 7]},
			"faces": {
				"north": {"uv": [0, 11.375, 1, 7], "rotation": 180, "texture": "#0"},
				"east": {"uv": [6.875, 3, 2.5, 2], "rotation": 270, "texture": "#0"},
				"south": {"uv": [1, 11.375, 0, 7], "rotation": 180, "texture": "#0"},
				"west": {"uv": [0, 4, 1, 8.375], "texture": "#0"}
			}
		},
		{
			"from": [10, -1, 6],
			"to": [12, 5, 8],
			"rotation": {"angle": -45, "axis": "z", "origin": [8, 3, 7]},
			"faces": {
				"north": {"uv": [6, 3, 3, 2], "rotation": 90, "texture": "#0"},
				"east": {"uv": [7, 2, 4, 3], "rotation": 90, "texture": "#0"},
				"south": {"uv": [6.05, 2, 3.05, 3], "rotation": 90, "texture": "#0"},
				"west": {"uv": [4, 3, 7, 2], "rotation": 90, "texture": "#0"},
				"up": {"uv": [2.75, 1, 3.75, 2], "texture": "#0"},
				"down": {"uv": [1, 9.5, 0, 11.875], "rotation": 90, "texture": "#0"}
			}
		},
		{
			"from": [6, -1, 6],
			"to": [10, 1, 8],
			"rotation": {"angle": -45, "axis": "z", "origin": [8, 3, 7]},
			"faces": {
				"north": {"uv": [1, 11.5, 0, 9.5], "rotation": 90, "texture": "#0"},
				"east": {"uv": [2, 1.5, 1, 2.5], "texture": "#0"},
				"south": {"uv": [5.55, 3, 3.55, 2], "texture": "#0"},
				"west": {"uv": [2, 1.5, 1, 2.5], "texture": "#0"},
				"up": {"uv": [3.75, 2, 5.75, 3], "texture": "#0"},
				"down": {"uv": [1, 9.5, 0, 11.975], "rotation": 90, "texture": "#0"}
			}
		},
		{
			"from": [1, 6.2, 6.5],
			"to": [3, 20.2, 7.5],
			"rotation": {"angle": 0, "axis": "y", "origin": [6.5, 2, 0]},
			"faces": {
				"north": {"uv": [4, 7.5, 3, 14.5], "texture": "#0"},
				"south": {"uv": [4, 7.5, 3, 14.5], "texture": "#0"}
			}
		},
		{
			"from": [2.9, 10.9, 6],
			"to": [13.1, 12.9, 8],
			"rotation": {"angle": 0, "axis": "y", "origin": [9.5, 13, 0]},
			"faces": {
				"north": {"uv": [1, 6.75, 2, 11.85], "rotation": 90, "texture": "#0"},
				"east": {"uv": [2, 3, 3, 4], "texture": "#0"},
				"south": {"uv": [1, 1.5, 9, 2.5], "texture": "#0"},
				"west": {"uv": [2, 3, 3, 4], "texture": "#0"},
				"up": {"uv": [1, 6.75, 2, 11.85], "rotation": 90, "texture": "#0"},
				"down": {"uv": [1, 6.75, 2, 11.85], "rotation": 90, "texture": "#0"}
			}
		},
		{
			"from": [5.5, 9.4, 5.5],
			"to": [10.5, 14.4, 6.5],
			"rotation": {"angle": 0, "axis": "y", "origin": [9.5, 13, 0]},
			"faces": {
				"north": {"uv": [11, 0, 13.5, 2.5], "texture": "#0"},
				"east": {"uv": [11, 0, 11.5, 2.5], "texture": "#0"},
				"west": {"uv": [13, 0, 13.5, 2.5], "texture": "#0"},
				"up": {"uv": [11, 0, 13.5, 0.5], "texture": "#0"},
				"down": {"uv": [11, 2, 13.5, 2.5], "texture": "#0"}
			}
		},
		{
			"from": [10.24, 1.54, 5.99],
			"to": [12.26, 9.06, 8.01],
			"rotation": {"angle": -22.5, "axis": "z", "origin": [12.25, 1.6, 7]},
			"faces": {
				"north": {"uv": [1, 11.375, 0, 7], "rotation": 180, "texture": "#0"},
				"east": {"uv": [1, 4, 0, 8.375], "texture": "#0"},
				"south": {"uv": [0, 11.375, 1, 7], "rotation": 180, "texture": "#0"},
				"west": {"uv": [6.875, 2, 2.5, 3], "rotation": 270, "texture": "#0"}
			}
		},
		{
			"from": [7, 0.2, 6.1],
			"to": [9, 20.5, 7.95],
			"rotation": {"angle": 0, "axis": "y", "origin": [9.5, 13, 0]},
			"faces": {
				"north": {"uv": [1, 5, 2, 15], "texture": "#0"},
				"east": {"uv": [1, 5, 2, 15], "texture": "#0"},
				"south": {"uv": [1, 5, 2, 15], "texture": "#0"},
				"west": {"uv": [1, 5, 2, 15], "texture": "#0"}
			}
		},
		{
			"from": [7, 9, 8],
			"to": [9, 15, 12],
			"rotation": {"angle": 0, "axis": "y", "origin": [9.5, 13, 0]},
			"faces": {
				"east": {"uv": [14, 0.5, 16, 3.5], "texture": "#0"},
				"south": {"uv": [13.5, 0.5, 14.5, 3.5], "texture": "#0"},
				"west": {"uv": [16, 0.5, 14, 3.5], "texture": "#0"},
				"up": {"uv": [16, 0, 14, 1], "rotation": 90, "texture": "#0"},
				"down": {"uv": [14, 3, 16, 4], "rotation": 90, "texture": "#0"}
			}
		},
		{
			"from": [3, 0.2, 6.5],
			"to": [13, 20.2, 7.5],
			"rotation": {"angle": 0, "axis": "y", "origin": [9.5, 2, 0]},
			"faces": {
				"north": {"uv": [4.5, 5.5, 9.5, 15.5], "texture": "#0"},
				"south": {"uv": [4.5, 5.5, 9.5, 15.5], "texture": "#0"}
			}
		},
		{
			"from": [13, 6.2, 6.5],
			"to": [15, 20.2, 7.5],
			"rotation": {"angle": 0, "axis": "y", "origin": [9.5, 2, 0]},
			"faces": {
				"north": {"uv": [3, 7.5, 4, 14.5], "texture": "#0"},
				"south": {"uv": [3, 7.5, 4, 14.5], "texture": "#0"}
			}
		}
	],
	"gui_light": "front",
	"display": {
		"thirdperson_righthand": {
			"rotation": [0, -84, 0],
			"translation": [1.75, -4.75, 1.75],
			"scale": [0.86, 0.86, 0.86]
		},
		"thirdperson_lefthand": {
			"rotation": [0, -84, 0],
			"translation": [1.75, -4.75, 1.75],
			"scale": [0.86, 0.86, 0.86]
		},
		"firstperson_righthand": {
			"rotation": [0, -30, 0],
			"translation": [1.25, -3, 0],
			"scale": [0.58, 0.58, 0.58]
		},
		"firstperson_lefthand": {
			"rotation": [0, -30, 0],
			"translation": [1.25, -3, 0],
			"scale": [0.58, 0.58, 0.58]
		},
		"ground": {
			"translation": [1, 0, 0],
			"scale": [0.27, 0.27, 0.27]
		},
		"gui": {
			"rotation": [0, 180, 0],
			"translation": [-0.25, -1.25, 0],
			"scale": [0.62, 0.62, 0.62]
		},
		"head": {
			"rotation": [0, -180, 17],
			"translation": [0, -24, 3.5],
			"scale": [1.23, 1.23, 1.23]
		},
		"fixed": {
			"translation": [0.5, -2.5, 0.75]
		}
	},
	"groups": [
		{
			"name": "round_shield",
			"origin": [9, 0, 0],
			"color": 0,
			"nbt": "{}",
			"children": [0, 1, 2, 3, 4, 5, 6, 7, 8, 9, 10, 11, 12, 13, 14, 15, 16, 17, 18, 19, 20, 21, 22]
		}
	]
}