{
	"credit": "Made with Blockbench",
	"parent": "netherite_pike",
	"texture_size": [32, 32],
	"textures": {
		"0": "netherite_historical_weapons",
		"particle": "netherite_historical_weapons"
	},
	"elements": [
		{
			"from": [7.1, 4, 7.1],
			"to": [8.9, 16.9, 8.9],
			"rotation": {"angle": 0, "axis": "y", "origin": [8, -0.6, 8]},
			"faces": {
				"north": {"uv": [4, 1.5, 5, 16], "texture": "#0"},
				"east": {"uv": [4, 1.5, 5, 16], "texture": "#0"},
				"south": {"uv": [4, 1.5, 5, 16], "texture": "#0"},
				"west": {"uv": [4, 1.5, 5, 16], "texture": "#0"},
				"up": {"uv": [2, 3.5, 3, 4.5], "texture": "#0"},
				"down": {"uv": [1, 0, 2, 1], "texture": "#0"}
			}
		},
		{
			"from": [7.1, -11, 7.1],
			"to": [8.9, 4, 8.9],
			"rotation": {"angle": 0, "axis": "y", "origin": [8, -0.6, 8]},
			"faces": {
				"north": {"uv": [3, 1.5, 4, 16], "texture": "#0"},
				"east": {"uv": [3, 1.5, 4, 16], "texture": "#0"},
				"south": {"uv": [3, 1.5, 4, 16], "texture": "#0"},
				"west": {"uv": [3, 1.5, 4, 16], "texture": "#0"},
				"up": {"uv": [1, 15, 2, 16], "texture": "#0"},
				"down": {"uv": [1, 15, 2, 16], "texture": "#0"}
			}
		},
		{
			"from": [7.54, 16.89, 7.24],
			"to": [8.46, 19.21, 8.76],
			"rotation": {"angle": 0, "axis": "y", "origin": [8, 15.6, 8]},
			"faces": {
				"north": {"uv": [2, 0, 2.5, 3], "texture": "#0"},
				"east": {"uv": [3, 0, 2, 3], "texture": "#0"},
				"south": {"uv": [2.5, 0, 3, 3], "texture": "#0"},
				"west": {"uv": [2, 0, 3, 3], "texture": "#0"},
				"up": {"uv": [2, 0, 2.5, 1.5], "texture": "#0"},
				"down": {"uv": [2.5, 1, 3, 2.5], "texture": "#0"}
			}
		},
		{
			"from": [7.56423, 20.41963, 7.71423],
			"to": [8.43577, 20.99117, 8.28577],
			"rotation": {"angle": 0, "axis": "y", "origin": [7.95, 16.7688, 8]},
			"faces": {
				"east": {"uv": [15, 0, 15.5, 0.5], "texture": "#0"},
				"west": {"uv": [15, 0, 15.5, 0.5], "texture": "#0"}
			}
		},
		{
			"from": [7.55257, 21.72892, 7.91544],
			"to": [8.44743, 22.07009, 8.25661],
			"rotation": {"angle": -45, "axis": "x", "origin": [7.95, 21.81348, 8]},
			"faces": {
				"north": {"uv": [15.5, 0.5, 16, 0.7825], "texture": "#0"},
				"east": {"uv": [15.5, 0.5, 15.7825, 0.7825], "texture": "#0"},
				"south": {"uv": [15.5, 0.5, 16, 0.7825], "texture": "#0"},
				"west": {"uv": [15.5, 0.5, 15.7825, 0.7825], "texture": "#0"},
				"up": {"uv": [15.5, 0.2825, 16, 0.565], "texture": "#0"},
				"down": {"uv": [15.5, 0.2825, 16, 0.565], "texture": "#0"}
			}
		},
		{
			"from": [7.5584, 18.5184, 6.8336],
			"to": [8.4416, 20.268, 8.5832],
			"rotation": {"angle": 45, "axis": "x", "origin": [7.95, 19.1016, 8]},
			"faces": {
				"east": {"uv": [14, 0, 15.5, 1.5], "rotation": 90, "texture": "#0"},
				"south": {"uv": [15, 0, 15.5, 1.5], "texture": "#0"},
				"west": {"uv": [14, 0, 15.5, 1.5], "texture": "#0"},
				"down": {"uv": [14, 0, 14.5, 1.5], "texture": "#0"}
			}
		},
		{
			"from": [7.55257, 19.51276, 8.65027],
			"to": [8.44743, 22.14882, 9.24513],
			"rotation": {"angle": -22.5, "axis": "x", "origin": [7.95, 19.50984, 9.25388]},
			"faces": {
				"east": {"uv": [15.5, 0.5, 16, 2.75], "texture": "#0"},
				"south": {"uv": [15.5, 0.5, 16, 2.75], "texture": "#0"},
				"west": {"uv": [15.5, 0.5, 16, 2.75], "texture": "#0"}
			}
		},
		{
			"from": [7.55257, 19.51276, 6.75487],
			"to": [8.44743, 22.14882, 7.34973],
			"rotation": {"angle": 22.5, "axis": "x", "origin": [7.95, 19.50984, 6.74612]},
			"faces": {
				"north": {"uv": [15.5, 0.5, 16, 2.75], "texture": "#0"},
				"east": {"uv": [15.5, 0.5, 16, 2.75], "texture": "#0"},
				"west": {"uv": [15.5, 0.5, 16, 2.75], "texture": "#0"}
			}
		}
	],
	"gui_light": "front",
	"display": {
		"thirdperson_righthand": {
			"rotation": [30, 0, 0],
			"translation": [0, 21.25, 14.75],
			"scale": [1, 2, 1]
		},
		"thirdperson_lefthand": {
			"rotation": [30, 0, 0],
			"translation": [0, 21.25, 14.75],
			"scale": [1, 2, 1]
		},
		"firstperson_righthand": {
			"rotation": [-7.75, 5, 0],
			"translation": [4.25, 19, -5.25],
			"scale": [0.83, 1.66, 0.83]
		},
		"firstperson_lefthand": {
			"rotation": [-7.75, 5, 0],
			"translation": [4.25, 19, -5.25],
			"scale": [0.83, 1.66, 0.83]
		},
		"ground": {
			"rotation": [-47, 0.8, -1.89],
			"translation": [0, 4.5, -1.75],
			"scale": [0.25, 0.5, 0.25]
		},
		"gui": {
			"rotation": [-90, 135, 90],
			"translation": [1.25, 1.25, 0],
			"scale": [0.34, 0.68, 0.34]
		},
		"head": {
			"rotation": [90, 71.5, -90],
			"translation": [10.75, 7.25, 4.25],
			"scale": [1.41, 2.84, 1.42]
		},
		"fixed": {
			"rotation": [-90, -45, -90],
			"translation": [1.25, 1.25, 0],
			"scale": [0.44, 0.88, 0.44]
		}
	},
	"groups": [
		{
			"name": "pike",
			"origin": [8, 8, 8],
			"color": 0,
			"nbt": "{}",
			"children": [0, 1, 2, 3, 4, 5, 6, 7]
		}
	]
}