{
	"credit": "Made with Blockbench",
	"parent": "iron_round_shield",
	"texture_size": [32, 32],
	"textures": {
		"0": "netherite_historical_shields",
		"particle": "netherite_historical_shields"
	},
	"elements": [
		{
			"from": [2.77, 18.5, 6],
			"to": [12.17, 20.54, 8],
			"rotation": {"angle": 0, "axis": "y", "origin": [8.5, 0, 0]},
			"faces": {
				"north": {"uv": [0, 0, 1, 3.875], "rotation": 90, "texture": "#0"},
				"east": {"uv": [1, 1.5, 2, 2.5], "texture": "#0"},
				"south": {"uv": [3.55, 1.5, 6.525, 2.5], "texture": "#0"},
				"west": {"uv": [1, 1.5, 2, 2.5], "texture": "#0"},
				"up": {"uv": [7.125, 1, 2.75, 2], "texture": "#0"},
				"down": {"uv": [0, 12.375, 1, 9.5], "rotation": 90, "texture": "#0"}
			}
		},
		{
			"from": [15.5, 5.8, 6],
			"to": [17.5, 15.2, 8],
			"rotation": {"angle": 0, "axis": "y", "origin": [8, 0, 0]},
			"faces": {
				"north": {"uv": [1, 3, 2, 7.375], "texture": "#0"},
				"east": {"uv": [0, 4.375, 1, 0], "rotation": 180, "texture": "#0"},
				"south": {"uv": [1, 1.5, 5.375, 2.5], "rotation": 270, "texture": "#0"},
				"west": {"uv": [1, 11.875, 0, 7.5], "rotation": 180, "texture": "#0"}
			}
		},
		{
			"from": [12.19, 18.49, 5.99],
			"to": [19.71, 20.51, 8.01],
			"rotation": {"angle": -45, "axis": "z", "origin": [12.25, 20.5, 7]},
			"faces": {
				"north": {"uv": [5.375, 1.5, 1, 2.5], "texture": "#0"},
				"south": {"uv": [5.375, 1.5, 1, 2.5], "texture": "#0"},
				"up": {"uv": [1, 1, 5.375, 2], "texture": "#0"},
				"down": {"uv": [1, 6.875, 0, 2.5], "rotation": 90, "texture": "#0"}
			}
		},
		{
			"from": [-0.5, 9.5, 6],
			"to": [15.5, 11.5, 8],
			"rotation": {"angle": 0, "axis": "y", "origin": [9, 11, 0]},
			"faces": {
				"north": {"uv": [1, 5, 2, 13], "rotation": 90, "texture": "#0"},
				"east": {"uv": [2, 3, 3, 4], "texture": "#0"},
				"south": {"uv": [1, 1.5, 9, 2.5], "texture": "#0"},
				"west": {"uv": [2, 3, 3, 4], "texture": "#0"},
				"up": {"uv": [1, 5, 2, 13], "rotation": 90, "texture": "#0"},
				"down": {"uv": [1, 5, 2, 13], "rotation": 90, "texture": "#0"}
			}
		},
		{
			"from": [5, 8, 5.5],
			"to": [10, 13, 6.5],
			"rotation": {"angle": 0, "axis": "y", "origin": [9, 11, 0]},
			"faces": {
				"north": {"uv": [11, 0, 13.5, 2.5], "texture": "#0"},
				"east": {"uv": [11, 0, 11.5, 2.5], "texture": "#0"},
				"west": {"uv": [13, 0, 13.5, 2.5], "texture": "#0"},
				"up": {"uv": [11, 0, 13.5, 0.5], "texture": "#0"},
				"down": {"uv": [11, 2, 13.5, 2.5], "texture": "#0"}
			}
		},
		{
			"from": [2.77, 0.46, 6],
			"to": [12.17, 2.5, 8],
			"rotation": {"angle": 0, "axis": "y", "origin": [8.5, 21, 0]},
			"faces": {
				"north": {"uv": [3.5, 3, 6.875, 2], "texture": "#0"},
				"east": {"uv": [1, 1.5, 2, 2.5], "texture": "#0"},
				"south": {"uv": [1, 1.5, 5.375, 2.5], "texture": "#0"},
				"west": {"uv": [1, 1.5, 2, 2.5], "texture": "#0"},
				"up": {"uv": [1, 2, 5.375, 3], "texture": "#0"},
				"down": {"uv": [1, 11.875, 0, 9.5], "rotation": 90, "texture": "#0"}
			}
		},
		{
			"from": [12.19, 0.49, 5.99],
			"to": [19.71, 2.51, 8.01],
			"rotation": {"angle": 45, "axis": "z", "origin": [12.25, 0.5, 7]},
			"faces": {
				"north": {"uv": [1, 11.375, 0, 7], "rotation": 90, "texture": "#0"},
				"south": {"uv": [5.375, 1.5, 1, 2.5], "texture": "#0"},
				"up": {"uv": [2.5, 2, 6.875, 3], "texture": "#0"},
				"down": {"uv": [1, 4, 0, 8.375], "rotation": 90, "texture": "#0"}
			}
		},
		{
			"from": [-4.71, 18.49, 5.99],
			"to": [2.81, 20.51, 8.01],
			"rotation": {"angle": 45, "axis": "z", "origin": [2.75, 20.5, 7]},
			"faces": {
				"north": {"uv": [1, 1.5, 5.375, 2.5], "texture": "#0"},
				"south": {"uv": [1, 1.5, 5.375, 2.5], "texture": "#0"},
				"up": {"uv": [5.375, 1, 1, 2], "texture": "#0"},
				"down": {"uv": [1, 2.5, 0, 6.875], "rotation": 90, "texture": "#0"}
			}
		},
		{
			"from": [-2.5, 5.8, 6],
			"to": [-0.5, 15.2, 8],
			"rotation": {"angle": 0, "axis": "y", "origin": [7, 0, 0]},
			"faces": {
				"north": {"uv": [2, 3, 1, 7.375], "texture": "#0"},
				"east": {"uv": [0, 11.875, 1, 7.5], "rotation": 180, "texture": "#0"},
				"south": {"uv": [1, 2.5, 5.375, 1.5], "rotation": 270, "texture": "#0"},
				"west": {"uv": [1, 4.375, 0, 0], "rotation": 180, "texture": "#0"}
			}
		},
		{
			"from": [-4.71, 0.49, 5.99],
			"to": [2.81, 2.51, 8.01],
			"rotation": {"angle": -45, "axis": "z", "origin": [2.75, 0.5, 7]},
			"faces": {
				"north": {"uv": [1, 7, 0, 11.375], "rotation": 90, "texture": "#0"},
				"south": {"uv": [1, 1.5, 5.375, 2.5], "texture": "#0"},
				"up": {"uv": [6.875, 2, 2.5, 3], "texture": "#0"},
				"down": {"uv": [1, 8.375, 0, 4], "rotation": 90, "texture": "#0"}
			}
		},
		{
			"from": [6.5, 2.5, 6],
			"to": [8.5, 18.5, 8],
			"rotation": {"angle": 0, "axis": "y", "origin": [9, 11, 0]},
			"faces": {
				"north": {"uv": [1, 5.5, 2, 13.5], "texture": "#0"},
				"east": {"uv": [1, 5.5, 2, 13.5], "texture": "#0"},
				"south": {"uv": [1, 5.5, 2, 13.5], "texture": "#0"},
				"west": {"uv": [1, 5.5, 2, 13.5], "texture": "#0"}
			}
		},
		{
			"from": [6.5, 8, 8],
			"to": [8.5, 14, 12],
			"rotation": {"angle": 0, "axis": "y", "origin": [9, 11, 0]},
			"faces": {
				"east": {"uv": [14, 0.5, 16, 3.5], "texture": "#0"},
				"south": {"uv": [13.5, 0.5, 14.5, 3.5], "texture": "#0"},
				"west": {"uv": [16, 0.5, 14, 3.5], "texture": "#0"},
				"up": {"uv": [16, 0, 14, 1], "rotation": 90, "texture": "#0"},
				"down": {"uv": [14, 3, 16, 4], "rotation": 90, "texture": "#0"}
			}
		},
		{
			"from": [2.5, 2.5, 6.5],
			"to": [12.5, 18.5, 7.5],
			"rotation": {"angle": 0, "axis": "y", "origin": [9, 0, 0]},
			"faces": {
				"north": {"uv": [4.5, 5.5, 9.5, 13.5], "texture": "#0"},
				"south": {"uv": [4.5, 5.5, 9.5, 13.5], "texture": "#0"}
			}
		},
		{
			"from": [0.5, 3.5, 6.5],
			"to": [2.5, 17.5, 7.5],
			"rotation": {"angle": 0, "axis": "y", "origin": [9, 0, 0]},
			"faces": {
				"north": {"uv": [4.5, 6.5, 3.5, 13.5], "texture": "#0"},
				"south": {"uv": [3.5, 6.5, 4.5, 13.5], "texture": "#0"}
			}
		},
		{
			"from": [12.5, 3.5, 6.5],
			"to": [14.5, 17.5, 7.5],
			"rotation": {"angle": 0, "axis": "y", "origin": [9, 0, 0]},
			"faces": {
				"north": {"uv": [3.5, 6.5, 4.5, 13.5], "texture": "#0"},
				"south": {"uv": [4.5, 6.5, 3.5, 13.5], "texture": "#0"}
			}
		},
		{
			"from": [-0.5, 4.5, 6.5],
			"to": [0.5, 16.5, 7.5],
			"rotation": {"angle": 0, "axis": "y", "origin": [9, 0, 0]},
			"faces": {
				"north": {"uv": [3.5, 6.5, 3, 12.5], "texture": "#0"},
				"south": {"uv": [3.5, 6.5, 3, 12.5], "texture": "#0"}
			}
		},
		{
			"from": [14.5, 4.5, 6.5],
			"to": [15.5, 16.5, 7.5],
			"rotation": {"angle": 0, "axis": "y", "origin": [9, 0, 0]},
			"faces": {
				"north": {"uv": [3.5, 6.5, 3, 12.5], "texture": "#0"},
				"south": {"uv": [3.5, 6.5, 3, 12.5], "texture": "#0"}
			}
		}
	],
	"gui_light": "front",
	"display": {
		"thirdperson_righthand": {
			"rotation": [0, -84, 0],
			"translation": [1.75, -4.75, 1.75],
			"scale": [0.86, 0.86, 0.86]
		},
		"thirdperson_lefthand": {
			"rotation": [0, -84, 0],
			"translation": [1.75, -4.75, 1.75],
			"scale": [0.86, 0.86, 0.86]
		},
		"firstperson_righthand": {
			"rotation": [0, -30, 0],
			"translation": [1.25, -3, 0],
			"scale": [0.58, 0.58, 0.58]
		},
		"firstperson_lefthand": {
			"rotation": [0, -30, 0],
			"translation": [1.25, -3, 0],
			"scale": [0.58, 0.58, 0.58]
		},
		"ground": {
			"translation": [1, 0, 0],
			"scale": [0.27, 0.27, 0.27]
		},
		"gui": {
			"rotation": [0, 180, 0],
			"translation": [-0.25, -2, 0],
			"scale": [0.78, 0.78, 0.78]
		},
		"head": {
			"rotation": [0, -180, 0],
			"translation": [0, -20.5, 3.5],
			"scale": [1.23, 1.23, 1.23]
		},
		"fixed": {
			"translation": [0.5, -2.5, 0.75]
		}
	},
	"groups": [
		{
			"name": "round_shield",
			"origin": [9, 0, 0],
			"color": 0,
			"nbt": "{}",
			"children": [0, 1, 2, 3, 4, 5, 6, 7, 8, 9, 10, 11, 12, 13, 14, 15, 16]
		}
	]
}