{
	"credit": "Made with Blockbench",
	"parent": "netherite_club",
	"texture_size": [32, 32],
	"textures": {
		"0": "netherite_historical_weapons",
		"particle": "netherite_historical_weapons"
	},
	"elements": [
		{
			"from": [6.5, -15, 6.5],
			"to": [9.5, -12, 9.5],
			"rotation": {"angle": 0, "axis": "y", "origin": [8, 0, 8]},
			"faces": {
				"north": {"uv": [14, 13, 15.5, 14.5], "texture": "#0"},
				"east": {"uv": [14, 13, 15.5, 14.5], "texture": "#0"},
				"south": {"uv": [14, 13, 15.5, 14.5], "texture": "#0"},
				"west": {"uv": [14, 13, 15.5, 14.5], "texture": "#0"},
				"up": {"uv": [12.5, 13, 14, 14.5], "texture": "#0"},
				"down": {"uv": [14, 14.5, 15.5, 16], "texture": "#0"}
			}
		},
		{
			"from": [6.5, 4, 6.5],
			"to": [9.5, 17, 9.5],
			"rotation": {"angle": 0, "axis": "y", "origin": [8, 10, 8]},
			"faces": {
				"north": {"uv": [6, 0, 7.5, 6.5], "texture": "#0"},
				"east": {"uv": [6, 0, 7.5, 6.5], "texture": "#0"},
				"south": {"uv": [6, 0, 7.5, 6.5], "texture": "#0"},
				"west": {"uv": [6, 0, 7.5, 6.5], "texture": "#0"},
				"up": {"uv": [12.5, 13, 14, 14.5], "texture": "#0"},
				"down": {"uv": [14, 14.5, 15.5, 16], "texture": "#0"}
			}
		},
		{
			"from": [5.1, 9, 7.5],
			"to": [7, 10, 8.5],
			"rotation": {"angle": 22.5, "axis": "z", "origin": [6.5, 9, 8]},
			"faces": {
				"north": {"uv": [7, 5.5, 6, 6], "texture": "#0"},
				"south": {"uv": [6, 5.5, 7, 6], "texture": "#0"},
				"up": {"uv": [6, 5.5, 7, 6], "texture": "#0"}
			}
		},
		{
			"from": [5.1, 8, 7.5],
			"to": [7, 9, 8.5],
			"rotation": {"angle": -22.5, "axis": "z", "origin": [6.5, 9, 8]},
			"faces": {
				"north": {"uv": [7, 5.5, 6, 6], "texture": "#0"},
				"south": {"uv": [6, 5.5, 7, 6], "texture": "#0"},
				"down": {"uv": [6, 5.5, 7, 6], "texture": "#0"}
			}
		},
		{
			"from": [4.6, 8.85, 7.5],
			"to": [5.15, 9.4, 8.5],
			"rotation": {"angle": 45, "axis": "z", "origin": [5, 9, 8]},
			"faces": {
				"north": {"uv": [6, 6, 6.5, 6.5], "texture": "#0"},
				"south": {"uv": [6, 6, 6.5, 6.5], "texture": "#0"},
				"west": {"uv": [6, 6, 6.5, 6.5], "texture": "#0"},
				"up": {"uv": [6, 6, 6.5, 6.5], "texture": "#0"}
			}
		},
		{
			"from": [5.35, 7.85, 7.49],
			"to": [6.15, 8.65, 8.51],
			"rotation": {"angle": 45, "axis": "z", "origin": [5, 9, 8]},
			"faces": {
				"north": {"uv": [6.5, 5.5, 7, 6], "texture": "#0"},
				"south": {"uv": [6.5, 5.5, 7, 6], "texture": "#0"},
				"west": {"uv": [6.5, 5.5, 7, 6], "texture": "#0"},
				"up": {"uv": [6.5, 5.5, 7, 6], "texture": "#0"}
			}
		},
		{
			"from": [4.6, 11.85, 7.5],
			"to": [5.15, 12.4, 8.5],
			"rotation": {"angle": 45, "axis": "z", "origin": [5, 12, 8]},
			"faces": {
				"north": {"uv": [6, 4, 6.5, 4.5], "texture": "#0"},
				"south": {"uv": [6, 4, 6.5, 4.5], "texture": "#0"},
				"west": {"uv": [6, 4, 6.5, 4.5], "texture": "#0"},
				"up": {"uv": [6, 4, 6.5, 4.5], "texture": "#0"}
			}
		},
		{
			"from": [5.35, 10.85, 7.49],
			"to": [6.15, 11.65, 8.51],
			"rotation": {"angle": 45, "axis": "z", "origin": [5, 12, 8]},
			"faces": {
				"north": {"uv": [6, 5, 6.5, 5.5], "texture": "#0"},
				"south": {"uv": [6, 5, 6.5, 5.5], "texture": "#0"},
				"west": {"uv": [6, 5, 6.5, 5.5], "texture": "#0"},
				"up": {"uv": [6, 5, 6.5, 5.5], "texture": "#0"}
			}
		},
		{
			"from": [5.1, 12, 7.5],
			"to": [7, 13, 8.5],
			"rotation": {"angle": 22.5, "axis": "z", "origin": [6.5, 12, 8]},
			"faces": {
				"north": {"uv": [7, 2.5, 6, 3], "texture": "#0"},
				"south": {"uv": [6, 2.5, 7, 3], "texture": "#0"},
				"up": {"uv": [6, 2.5, 7, 3], "texture": "#0"}
			}
		},
		{
			"from": [5.1, 11, 7.5],
			"to": [7, 12, 8.5],
			"rotation": {"angle": -22.5, "axis": "z", "origin": [6.5, 12, 8]},
			"faces": {
				"north": {"uv": [7, 2.5, 6, 3], "texture": "#0"},
				"south": {"uv": [6, 2.5, 7, 3], "texture": "#0"},
				"down": {"uv": [6, 2.5, 7, 3], "texture": "#0"}
			}
		},
		{
			"from": [4.6, 14.85, 7.5],
			"to": [5.15, 15.4, 8.5],
			"rotation": {"angle": 45, "axis": "z", "origin": [5, 15, 8]},
			"faces": {
				"north": {"uv": [6, 1.5, 6.5, 2], "texture": "#0"},
				"south": {"uv": [6, 1.5, 6.5, 2], "texture": "#0"},
				"west": {"uv": [6, 1.5, 6.5, 2], "texture": "#0"},
				"up": {"uv": [6, 1.5, 6.5, 2], "texture": "#0"}
			}
		},
		{
			"from": [5.1, 15, 7.5],
			"to": [7, 16, 8.5],
			"rotation": {"angle": 22.5, "axis": "z", "origin": [6.5, 15, 8]},
			"faces": {
				"north": {"uv": [7, 1, 6, 1.5], "texture": "#0"},
				"south": {"uv": [6, 1, 7, 1.5], "texture": "#0"},
				"up": {"uv": [6, 1, 7, 1.5], "texture": "#0"}
			}
		},
		{
			"from": [5.1, 14, 7.5],
			"to": [7, 15, 8.5],
			"rotation": {"angle": -22.5, "axis": "z", "origin": [6.5, 15, 8]},
			"faces": {
				"north": {"uv": [7, 1, 6, 1.5], "texture": "#0"},
				"south": {"uv": [6, 1, 7, 1.5], "texture": "#0"},
				"down": {"uv": [6, 1, 7, 1.5], "texture": "#0"}
			}
		},
		{
			"from": [5.35, 13.85, 7.49],
			"to": [6.15, 14.65, 8.51],
			"rotation": {"angle": 45, "axis": "z", "origin": [5, 15, 8]},
			"faces": {
				"north": {"uv": [6, 3, 6.5, 3.5], "texture": "#0"},
				"south": {"uv": [6, 3, 6.5, 3.5], "texture": "#0"},
				"west": {"uv": [6, 3, 6.5, 3.5], "texture": "#0"},
				"up": {"uv": [6, 3, 6.5, 3.5], "texture": "#0"}
			}
		},
		{
			"from": [4.6, 5.85, 7.5],
			"to": [5.15, 6.4, 8.5],
			"rotation": {"angle": 45, "axis": "z", "origin": [5, 6, 8]},
			"faces": {
				"north": {"uv": [6, 6, 6.5, 6.5], "texture": "#0"},
				"south": {"uv": [6, 6, 6.5, 6.5], "texture": "#0"},
				"west": {"uv": [6, 6, 6.5, 6.5], "texture": "#0"},
				"up": {"uv": [6, 6, 6.5, 6.5], "texture": "#0"}
			}
		},
		{
			"from": [5.35, 4.85, 7.49],
			"to": [6.15, 5.65, 8.51],
			"rotation": {"angle": 45, "axis": "z", "origin": [5, 6, 8]},
			"faces": {
				"north": {"uv": [6.5, 5.5, 7, 6], "texture": "#0"},
				"south": {"uv": [6.5, 5.5, 7, 6], "texture": "#0"},
				"west": {"uv": [6.5, 5.5, 7, 6], "texture": "#0"},
				"up": {"uv": [6.5, 5.5, 7, 6], "texture": "#0"}
			}
		},
		{
			"from": [5.1, 6, 7.5],
			"to": [7, 7, 8.5],
			"rotation": {"angle": 22.5, "axis": "z", "origin": [6.5, 6, 8]},
			"faces": {
				"north": {"uv": [7, 5.5, 6, 6], "texture": "#0"},
				"south": {"uv": [6, 5.5, 7, 6], "texture": "#0"},
				"up": {"uv": [6, 5.5, 7, 6], "texture": "#0"}
			}
		},
		{
			"from": [5.1, 5, 7.5],
			"to": [7, 6, 8.5],
			"rotation": {"angle": -22.5, "axis": "z", "origin": [6.5, 6, 8]},
			"faces": {
				"north": {"uv": [7, 5.5, 6, 6], "texture": "#0"},
				"south": {"uv": [6, 5.5, 7, 6], "texture": "#0"},
				"down": {"uv": [6, 5.5, 7, 6], "texture": "#0"}
			}
		},
		{
			"from": [10.85, 14.85, 7.5],
			"to": [11.4, 15.4, 8.5],
			"rotation": {"angle": -45, "axis": "z", "origin": [11, 15, 8]},
			"faces": {
				"north": {"uv": [6, 1.5, 6.5, 2], "texture": "#0"},
				"east": {"uv": [6, 1.5, 6.5, 2], "texture": "#0"},
				"south": {"uv": [6, 1.5, 6.5, 2], "texture": "#0"},
				"up": {"uv": [6.5, 2, 6, 1.5], "texture": "#0"}
			}
		},
		{
			"from": [9, 15, 7.5],
			"to": [10.9, 16, 8.5],
			"rotation": {"angle": -22.5, "axis": "z", "origin": [9.5, 15, 8]},
			"faces": {
				"north": {"uv": [6, 1, 7, 1.5], "texture": "#0"},
				"south": {"uv": [7, 1, 6, 1.5], "texture": "#0"},
				"up": {"uv": [7, 1.5, 6, 1], "texture": "#0"}
			}
		},
		{
			"from": [9.85, 13.85, 7.49],
			"to": [10.65, 14.65, 8.51],
			"rotation": {"angle": -45, "axis": "z", "origin": [11, 15, 8]},
			"faces": {
				"north": {"uv": [6, 3, 6.5, 3.5], "texture": "#0"},
				"east": {"uv": [6, 3, 6.5, 3.5], "texture": "#0"},
				"south": {"uv": [6, 3, 6.5, 3.5], "texture": "#0"},
				"up": {"uv": [6.5, 3.5, 6, 3], "texture": "#0"}
			}
		},
		{
			"from": [9, 14, 7.5],
			"to": [10.9, 15, 8.5],
			"rotation": {"angle": 22.5, "axis": "z", "origin": [9.5, 15, 8]},
			"faces": {
				"north": {"uv": [6, 1, 7, 1.5], "texture": "#0"},
				"south": {"uv": [7, 1, 6, 1.5], "texture": "#0"},
				"down": {"uv": [7, 1.5, 6, 1], "texture": "#0"}
			}
		},
		{
			"from": [10.85, 11.85, 7.5],
			"to": [11.4, 12.4, 8.5],
			"rotation": {"angle": -45, "axis": "z", "origin": [11, 12, 8]},
			"faces": {
				"north": {"uv": [6, 4, 6.5, 4.5], "texture": "#0"},
				"east": {"uv": [6, 4, 6.5, 4.5], "texture": "#0"},
				"south": {"uv": [6, 4, 6.5, 4.5], "texture": "#0"},
				"up": {"uv": [6.5, 4.5, 6, 4], "texture": "#0"}
			}
		},
		{
			"from": [9, 12, 7.5],
			"to": [10.9, 13, 8.5],
			"rotation": {"angle": -22.5, "axis": "z", "origin": [9.5, 12, 8]},
			"faces": {
				"north": {"uv": [6, 2.5, 7, 3], "texture": "#0"},
				"south": {"uv": [7, 2.5, 6, 3], "texture": "#0"},
				"up": {"uv": [7, 3, 6, 2.5], "texture": "#0"}
			}
		},
		{
			"from": [9.85, 10.85, 7.49],
			"to": [10.65, 11.65, 8.51],
			"rotation": {"angle": -45, "axis": "z", "origin": [11, 12, 8]},
			"faces": {
				"north": {"uv": [6, 5, 6.5, 5.5], "texture": "#0"},
				"east": {"uv": [6, 5, 6.5, 5.5], "texture": "#0"},
				"south": {"uv": [6, 5, 6.5, 5.5], "texture": "#0"},
				"up": {"uv": [6.5, 5.5, 6, 5], "texture": "#0"}
			}
		},
		{
			"from": [9, 11, 7.5],
			"to": [10.9, 12, 8.5],
			"rotation": {"angle": 22.5, "axis": "z", "origin": [9.5, 12, 8]},
			"faces": {
				"north": {"uv": [6, 2.5, 7, 3], "texture": "#0"},
				"south": {"uv": [7, 2.5, 6, 3], "texture": "#0"},
				"down": {"uv": [7, 3, 6, 2.5], "texture": "#0"}
			}
		},
		{
			"from": [10.85, 8.85, 7.5],
			"to": [11.4, 9.4, 8.5],
			"rotation": {"angle": -45, "axis": "z", "origin": [11, 9, 8]},
			"faces": {
				"north": {"uv": [6, 6, 6.5, 6.5], "texture": "#0"},
				"east": {"uv": [6, 6, 6.5, 6.5], "texture": "#0"},
				"south": {"uv": [6, 6, 6.5, 6.5], "texture": "#0"},
				"up": {"uv": [6.5, 6.5, 6, 6], "texture": "#0"}
			}
		},
		{
			"from": [9, 9, 7.5],
			"to": [10.9, 10, 8.5],
			"rotation": {"angle": -22.5, "axis": "z", "origin": [9.5, 9, 8]},
			"faces": {
				"north": {"uv": [6, 5.5, 7, 6], "texture": "#0"},
				"south": {"uv": [7, 5.5, 6, 6], "texture": "#0"},
				"up": {"uv": [7, 6, 6, 5.5], "texture": "#0"}
			}
		},
		{
			"from": [9, 8, 7.5],
			"to": [10.9, 9, 8.5],
			"rotation": {"angle": 22.5, "axis": "z", "origin": [9.5, 9, 8]},
			"faces": {
				"north": {"uv": [6, 5.5, 7, 6], "texture": "#0"},
				"south": {"uv": [7, 5.5, 6, 6], "texture": "#0"},
				"down": {"uv": [7, 6, 6, 5.5], "texture": "#0"}
			}
		},
		{
			"from": [9.85, 7.85, 7.49],
			"to": [10.65, 8.65, 8.51],
			"rotation": {"angle": -45, "axis": "z", "origin": [11, 9, 8]},
			"faces": {
				"north": {"uv": [6.5, 5.5, 7, 6], "texture": "#0"},
				"east": {"uv": [6.5, 5.5, 7, 6], "texture": "#0"},
				"south": {"uv": [6.5, 5.5, 7, 6], "texture": "#0"},
				"up": {"uv": [7, 6, 6.5, 5.5], "texture": "#0"}
			}
		},
		{
			"from": [9.85, 4.85, 7.49],
			"to": [10.65, 5.65, 8.51],
			"rotation": {"angle": -45, "axis": "z", "origin": [11, 6, 8]},
			"faces": {
				"north": {"uv": [6.5, 5.5, 7, 6], "texture": "#0"},
				"east": {"uv": [6.5, 5.5, 7, 6], "texture": "#0"},
				"south": {"uv": [6.5, 5.5, 7, 6], "texture": "#0"},
				"up": {"uv": [7, 6, 6.5, 5.5], "texture": "#0"}
			}
		},
		{
			"from": [9, 5, 7.5],
			"to": [10.9, 6, 8.5],
			"rotation": {"angle": 22.5, "axis": "z", "origin": [9.5, 6, 8]},
			"faces": {
				"north": {"uv": [6, 5.5, 7, 6], "texture": "#0"},
				"south": {"uv": [7, 5.5, 6, 6], "texture": "#0"},
				"down": {"uv": [7, 6, 6, 5.5], "texture": "#0"}
			}
		},
		{
			"from": [10.85, 5.85, 7.5],
			"to": [11.4, 6.4, 8.5],
			"rotation": {"angle": -45, "axis": "z", "origin": [11, 6, 8]},
			"faces": {
				"north": {"uv": [6, 6, 6.5, 6.5], "texture": "#0"},
				"east": {"uv": [6, 6, 6.5, 6.5], "texture": "#0"},
				"south": {"uv": [6, 6, 6.5, 6.5], "texture": "#0"},
				"up": {"uv": [6.5, 6.5, 6, 6], "texture": "#0"}
			}
		},
		{
			"from": [9, 6, 7.5],
			"to": [10.9, 7, 8.5],
			"rotation": {"angle": -22.5, "axis": "z", "origin": [9.5, 6, 8]},
			"faces": {
				"north": {"uv": [6, 5.5, 7, 6], "texture": "#0"},
				"south": {"uv": [7, 5.5, 6, 6], "texture": "#0"},
				"up": {"uv": [7, 6, 6, 5.5], "texture": "#0"}
			}
		},
		{
			"from": [7.5, 14.85, 4.6],
			"to": [8.5, 15.4, 5.15],
			"rotation": {"angle": -45, "axis": "x", "origin": [8, 15, 5]},
			"faces": {
				"north": {"uv": [6, 1.5, 6.5, 2], "texture": "#0"},
				"east": {"uv": [6, 1.5, 6.5, 2], "texture": "#0"},
				"west": {"uv": [6, 1.5, 6.5, 2], "texture": "#0"},
				"up": {"uv": [6, 1.5, 6.5, 2], "rotation": 90, "texture": "#0"}
			}
		},
		{
			"from": [7.5, 15, 5.1],
			"to": [8.5, 16, 7],
			"rotation": {"angle": -22.5, "axis": "x", "origin": [8, 15, 6.5]},
			"faces": {
				"east": {"uv": [7, 1, 6, 1.5], "texture": "#0"},
				"west": {"uv": [6, 1, 7, 1.5], "texture": "#0"},
				"up": {"uv": [6, 1, 7, 1.5], "rotation": 90, "texture": "#0"}
			}
		},
		{
			"from": [7.49, 13.85, 5.35],
			"to": [8.51, 14.65, 6.15],
			"rotation": {"angle": -45, "axis": "x", "origin": [8, 15, 5]},
			"faces": {
				"north": {"uv": [6, 3, 6.5, 3.5], "texture": "#0"},
				"east": {"uv": [6, 3, 6.5, 3.5], "texture": "#0"},
				"west": {"uv": [6, 3, 6.5, 3.5], "texture": "#0"},
				"up": {"uv": [6, 3, 6.5, 3.5], "rotation": 90, "texture": "#0"}
			}
		},
		{
			"from": [7.5, 14, 5.1],
			"to": [8.5, 15, 7],
			"rotation": {"angle": 22.5, "axis": "x", "origin": [8, 15, 6.5]},
			"faces": {
				"east": {"uv": [7, 1, 6, 1.5], "texture": "#0"},
				"west": {"uv": [6, 1, 7, 1.5], "texture": "#0"},
				"down": {"uv": [6, 1, 7, 1.5], "rotation": 270, "texture": "#0"}
			}
		},
		{
			"from": [7.5, 11.85, 4.6],
			"to": [8.5, 12.4, 5.15],
			"rotation": {"angle": -45, "axis": "x", "origin": [8, 12, 5]},
			"faces": {
				"north": {"uv": [6, 4, 6.5, 4.5], "texture": "#0"},
				"east": {"uv": [6, 4, 6.5, 4.5], "texture": "#0"},
				"west": {"uv": [6, 4, 6.5, 4.5], "texture": "#0"},
				"up": {"uv": [6, 4, 6.5, 4.5], "rotation": 90, "texture": "#0"}
			}
		},
		{
			"from": [7.5, 12, 5.1],
			"to": [8.5, 13, 7],
			"rotation": {"angle": -22.5, "axis": "x", "origin": [8, 12, 6.5]},
			"faces": {
				"east": {"uv": [7, 2.5, 6, 3], "texture": "#0"},
				"west": {"uv": [6, 2.5, 7, 3], "texture": "#0"},
				"up": {"uv": [6, 2.5, 7, 3], "rotation": 90, "texture": "#0"}
			}
		},
		{
			"from": [7.49, 10.85, 5.35],
			"to": [8.51, 11.65, 6.15],
			"rotation": {"angle": -45, "axis": "x", "origin": [8, 12, 5]},
			"faces": {
				"north": {"uv": [6, 5, 6.5, 5.5], "texture": "#0"},
				"east": {"uv": [6, 5, 6.5, 5.5], "texture": "#0"},
				"west": {"uv": [6, 5, 6.5, 5.5], "texture": "#0"},
				"up": {"uv": [6, 5, 6.5, 5.5], "rotation": 90, "texture": "#0"}
			}
		},
		{
			"from": [7.5, 11, 5.1],
			"to": [8.5, 12, 7],
			"rotation": {"angle": 22.5, "axis": "x", "origin": [8, 12, 6.5]},
			"faces": {
				"east": {"uv": [7, 2.5, 6, 3], "texture": "#0"},
				"west": {"uv": [6, 2.5, 7, 3], "texture": "#0"},
				"down": {"uv": [6, 2.5, 7, 3], "rotation": 270, "texture": "#0"}
			}
		},
		{
			"from": [7.5, 8.85, 4.6],
			"to": [8.5, 9.4, 5.15],
			"rotation": {"angle": -45, "axis": "x", "origin": [8, 9, 5]},
			"faces": {
				"north": {"uv": [6, 6, 6.5, 6.5], "texture": "#0"},
				"east": {"uv": [6, 6, 6.5, 6.5], "texture": "#0"},
				"west": {"uv": [6, 6, 6.5, 6.5], "texture": "#0"},
				"up": {"uv": [6, 6, 6.5, 6.5], "rotation": 90, "texture": "#0"}
			}
		},
		{
			"from": [7.5, 9, 5.1],
			"to": [8.5, 10, 7],
			"rotation": {"angle": -22.5, "axis": "x", "origin": [8, 9, 6.5]},
			"faces": {
				"east": {"uv": [7, 5.5, 6, 6], "texture": "#0"},
				"west": {"uv": [6, 5.5, 7, 6], "texture": "#0"},
				"up": {"uv": [6, 5.5, 7, 6], "rotation": 90, "texture": "#0"}
			}
		},
		{
			"from": [7.5, 8, 5.1],
			"to": [8.5, 9, 7],
			"rotation": {"angle": 22.5, "axis": "x", "origin": [8, 9, 6.5]},
			"faces": {
				"east": {"uv": [7, 5.5, 6, 6], "texture": "#0"},
				"west": {"uv": [6, 5.5, 7, 6], "texture": "#0"},
				"down": {"uv": [6, 5.5, 7, 6], "rotation": 270, "texture": "#0"}
			}
		},
		{
			"from": [7.49, 7.85, 5.35],
			"to": [8.51, 8.65, 6.15],
			"rotation": {"angle": -45, "axis": "x", "origin": [8, 9, 5]},
			"faces": {
				"north": {"uv": [6.5, 5.5, 7, 6], "texture": "#0"},
				"east": {"uv": [6.5, 5.5, 7, 6], "texture": "#0"},
				"west": {"uv": [6.5, 5.5, 7, 6], "texture": "#0"},
				"up": {"uv": [6.5, 5.5, 7, 6], "rotation": 90, "texture": "#0"}
			}
		},
		{
			"from": [7.49, 4.85, 5.35],
			"to": [8.51, 5.65, 6.15],
			"rotation": {"angle": -45, "axis": "x", "origin": [8, 6, 5]},
			"faces": {
				"north": {"uv": [6.5, 5.5, 7, 6], "texture": "#0"},
				"east": {"uv": [6.5, 5.5, 7, 6], "texture": "#0"},
				"west": {"uv": [6.5, 5.5, 7, 6], "texture": "#0"},
				"up": {"uv": [6.5, 5.5, 7, 6], "rotation": 90, "texture": "#0"}
			}
		},
		{
			"from": [7.5, 5, 5.1],
			"to": [8.5, 6, 7],
			"rotation": {"angle": 22.5, "axis": "x", "origin": [8, 6, 6.5]},
			"faces": {
				"east": {"uv": [7, 5.5, 6, 6], "texture": "#0"},
				"west": {"uv": [6, 5.5, 7, 6], "texture": "#0"},
				"down": {"uv": [6, 5.5, 7, 6], "rotation": 270, "texture": "#0"}
			}
		},
		{
			"from": [7.5, 5.85, 4.6],
			"to": [8.5, 6.4, 5.15],
			"rotation": {"angle": -45, "axis": "x", "origin": [8, 6, 5]},
			"faces": {
				"north": {"uv": [6, 6, 6.5, 6.5], "texture": "#0"},
				"east": {"uv": [6, 6, 6.5, 6.5], "texture": "#0"},
				"west": {"uv": [6, 6, 6.5, 6.5], "texture": "#0"},
				"up": {"uv": [6, 6, 6.5, 6.5], "rotation": 90, "texture": "#0"}
			}
		},
		{
			"from": [7.5, 14.85, 10.85],
			"to": [8.5, 15.4, 11.4],
			"rotation": {"angle": 45, "axis": "x", "origin": [8, 15, 11]},
			"faces": {
				"east": {"uv": [6, 1.5, 6.5, 2], "texture": "#0"},
				"south": {"uv": [6, 1.5, 6.5, 2], "texture": "#0"},
				"west": {"uv": [6, 1.5, 6.5, 2], "texture": "#0"},
				"up": {"uv": [6.5, 2, 6, 1.5], "rotation": 90, "texture": "#0"}
			}
		},
		{
			"from": [7.5, 15, 9],
			"to": [8.5, 16, 10.9],
			"rotation": {"angle": 22.5, "axis": "x", "origin": [8, 15, 9.5]},
			"faces": {
				"east": {"uv": [6, 1, 7, 1.5], "texture": "#0"},
				"west": {"uv": [7, 1, 6, 1.5], "texture": "#0"},
				"up": {"uv": [7, 1.5, 6, 1], "rotation": 90, "texture": "#0"}
			}
		},
		{
			"from": [7.49, 13.85, 9.85],
			"to": [8.51, 14.65, 10.65],
			"rotation": {"angle": 45, "axis": "x", "origin": [8, 15, 11]},
			"faces": {
				"east": {"uv": [6, 3, 6.5, 3.5], "texture": "#0"},
				"south": {"uv": [6, 3, 6.5, 3.5], "texture": "#0"},
				"west": {"uv": [6, 3, 6.5, 3.5], "texture": "#0"},
				"up": {"uv": [6.5, 3.5, 6, 3], "rotation": 90, "texture": "#0"}
			}
		},
		{
			"from": [7.5, 14, 9],
			"to": [8.5, 15, 10.9],
			"rotation": {"angle": -22.5, "axis": "x", "origin": [8, 15, 9.5]},
			"faces": {
				"east": {"uv": [6, 1, 7, 1.5], "texture": "#0"},
				"west": {"uv": [7, 1, 6, 1.5], "texture": "#0"},
				"down": {"uv": [7, 1.5, 6, 1], "rotation": 270, "texture": "#0"}
			}
		},
		{
			"from": [7.5, 11.85, 10.85],
			"to": [8.5, 12.4, 11.4],
			"rotation": {"angle": 45, "axis": "x", "origin": [8, 12, 11]},
			"faces": {
				"east": {"uv": [6, 4, 6.5, 4.5], "texture": "#0"},
				"south": {"uv": [6, 4, 6.5, 4.5], "texture": "#0"},
				"west": {"uv": [6, 4, 6.5, 4.5], "texture": "#0"},
				"up": {"uv": [6.5, 4.5, 6, 4], "rotation": 90, "texture": "#0"}
			}
		},
		{
			"from": [7.5, 12, 9],
			"to": [8.5, 13, 10.9],
			"rotation": {"angle": 22.5, "axis": "x", "origin": [8, 12, 9.5]},
			"faces": {
				"east": {"uv": [6, 2.5, 7, 3], "texture": "#0"},
				"west": {"uv": [7, 2.5, 6, 3], "texture": "#0"},
				"up": {"uv": [7, 3, 6, 2.5], "rotation": 90, "texture": "#0"}
			}
		},
		{
			"from": [7.49, 10.85, 9.85],
			"to": [8.51, 11.65, 10.65],
			"rotation": {"angle": 45, "axis": "x", "origin": [8, 12, 11]},
			"faces": {
				"east": {"uv": [6, 5, 6.5, 5.5], "texture": "#0"},
				"south": {"uv": [6, 5, 6.5, 5.5], "texture": "#0"},
				"west": {"uv": [6, 5, 6.5, 5.5], "texture": "#0"},
				"up": {"uv": [6.5, 5.5, 6, 5], "rotation": 90, "texture": "#0"}
			}
		},
		{
			"from": [7.5, 11, 9],
			"to": [8.5, 12, 10.9],
			"rotation": {"angle": -22.5, "axis": "x", "origin": [8, 12, 9.5]},
			"faces": {
				"east": {"uv": [6, 2.5, 7, 3], "texture": "#0"},
				"west": {"uv": [7, 2.5, 6, 3], "texture": "#0"},
				"down": {"uv": [7, 3, 6, 2.5], "rotation": 270, "texture": "#0"}
			}
		},
		{
			"from": [7.5, 8.85, 10.85],
			"to": [8.5, 9.4, 11.4],
			"rotation": {"angle": 45, "axis": "x", "origin": [8, 9, 11]},
			"faces": {
				"east": {"uv": [6, 6, 6.5, 6.5], "texture": "#0"},
				"south": {"uv": [6, 6, 6.5, 6.5], "texture": "#0"},
				"west": {"uv": [6, 6, 6.5, 6.5], "texture": "#0"},
				"up": {"uv": [6.5, 6.5, 6, 6], "rotation": 90, "texture": "#0"}
			}
		},
		{
			"from": [7.5, 9, 9],
			"to": [8.5, 10, 10.9],
			"rotation": {"angle": 22.5, "axis": "x", "origin": [8, 9, 9.5]},
			"faces": {
				"east": {"uv": [6, 5.5, 7, 6], "texture": "#0"},
				"west": {"uv": [7, 5.5, 6, 6], "texture": "#0"},
				"up": {"uv": [7, 6, 6, 5.5], "rotation": 90, "texture": "#0"}
			}
		},
		{
			"from": [7.5, 8, 9],
			"to": [8.5, 9, 10.9],
			"rotation": {"angle": -22.5, "axis": "x", "origin": [8, 9, 9.5]},
			"faces": {
				"east": {"uv": [6, 5.5, 7, 6], "texture": "#0"},
				"west": {"uv": [7, 5.5, 6, 6], "texture": "#0"},
				"down": {"uv": [7, 6, 6, 5.5], "rotation": 270, "texture": "#0"}
			}
		},
		{
			"from": [7.49, 7.85, 9.85],
			"to": [8.51, 8.65, 10.65],
			"rotation": {"angle": 45, "axis": "x", "origin": [8, 9, 11]},
			"faces": {
				"east": {"uv": [6.5, 5.5, 7, 6], "texture": "#0"},
				"south": {"uv": [6.5, 5.5, 7, 6], "texture": "#0"},
				"west": {"uv": [6.5, 5.5, 7, 6], "texture": "#0"},
				"up": {"uv": [7, 6, 6.5, 5.5], "rotation": 90, "texture": "#0"}
			}
		},
		{
			"from": [7.49, 4.85, 9.85],
			"to": [8.51, 5.65, 10.65],
			"rotation": {"angle": 45, "axis": "x", "origin": [8, 6, 11]},
			"faces": {
				"east": {"uv": [6.5, 5.5, 7, 6], "texture": "#0"},
				"south": {"uv": [6.5, 5.5, 7, 6], "texture": "#0"},
				"west": {"uv": [6.5, 5.5, 7, 6], "texture": "#0"},
				"up": {"uv": [7, 6, 6.5, 5.5], "rotation": 90, "texture": "#0"}
			}
		},
		{
			"from": [7.5, 5, 9],
			"to": [8.5, 6, 10.9],
			"rotation": {"angle": -22.5, "axis": "x", "origin": [8, 6, 9.5]},
			"faces": {
				"east": {"uv": [6, 5.5, 7, 6], "texture": "#0"},
				"west": {"uv": [7, 5.5, 6, 6], "texture": "#0"},
				"down": {"uv": [7, 6, 6, 5.5], "rotation": 270, "texture": "#0"}
			}
		},
		{
			"from": [7.5, 5.85, 10.85],
			"to": [8.5, 6.4, 11.4],
			"rotation": {"angle": 45, "axis": "x", "origin": [8, 6, 11]},
			"faces": {
				"east": {"uv": [6, 6, 6.5, 6.5], "texture": "#0"},
				"south": {"uv": [6, 6, 6.5, 6.5], "texture": "#0"},
				"west": {"uv": [6, 6, 6.5, 6.5], "texture": "#0"},
				"up": {"uv": [6.5, 6.5, 6, 6], "rotation": 90, "texture": "#0"}
			}
		},
		{
			"from": [7.5, 6, 9],
			"to": [8.5, 7, 10.9],
			"rotation": {"angle": 22.5, "axis": "x", "origin": [8, 6, 9.5]},
			"faces": {
				"east": {"uv": [6, 5.5, 7, 6], "texture": "#0"},
				"west": {"uv": [7, 5.5, 6, 6], "texture": "#0"},
				"up": {"uv": [7, 6, 6, 5.5], "rotation": 90, "texture": "#0"}
			}
		},
		{
			"from": [7.5, 6, 5.1],
			"to": [8.5, 7, 7],
			"rotation": {"angle": -22.5, "axis": "x", "origin": [8, 6, 6.5]},
			"faces": {
				"east": {"uv": [7, 5.5, 6, 6], "texture": "#0"},
				"west": {"uv": [6, 5.5, 7, 6], "texture": "#0"},
				"up": {"uv": [6, 5.5, 7, 6], "rotation": 90, "texture": "#0"}
			}
		},
		{
			"from": [7, -11, 7],
			"to": [9, 4, 9],
			"rotation": {"angle": 0, "axis": "y", "origin": [8, 0, 8]},
			"faces": {
				"north": {"uv": [5, 0.5, 6, 8], "texture": "#0"},
				"east": {"uv": [5, 0.5, 6, 8], "texture": "#0"},
				"south": {"uv": [5, 0.5, 6, 8], "texture": "#0"},
				"west": {"uv": [5, 0.5, 6, 8], "texture": "#0"}
			}
		},
		{
			"from": [7, -12, 7],
			"to": [9, -11, 9],
			"rotation": {"angle": 0, "axis": "y", "origin": [8, 0, 8]},
			"faces": {
				"north": {"uv": [5, 0.5, 6, 1], "texture": "#0"},
				"east": {"uv": [5, 0.5, 6, 1], "texture": "#0"},
				"south": {"uv": [5, 0.5, 6, 1], "texture": "#0"},
				"west": {"uv": [5, 0.5, 6, 1], "texture": "#0"}
			}
		}
	],
	"gui_light": "front",
	"display": {
		"thirdperson_righthand": {
			"translation": [0, 9.75, 1.5],
			"scale": [0.76, 0.76, 0.76]
		},
		"thirdperson_lefthand": {
			"translation": [0, 9.75, 1.5],
			"scale": [0.76, 0.76, 0.76]
		},
		"firstperson_righthand": {
			"rotation": [-7.75, 5, 0],
			"translation": [4.25, 9, -5.25],
			"scale": [0.75, 0.75, 0.75]
		},
		"firstperson_lefthand": {
			"rotation": [-7.75, 5, 0],
			"translation": [4.25, 9, -5.25],
			"scale": [0.75, 0.75, 0.75]
		},
		"ground": {
			"rotation": [-47, 0.8, -1.89],
			"translation": [0, 1.75, 0],
			"scale": [0.25, 0.25, 0.25]
		},
		"gui": {
			"rotation": [-90, 135, 90],
			"translation": [2.25, 2.5, 0],
			"scale": [0.57, 0.57, 0.57]
		},
		"head": {
			"rotation": [-90, -58, 90],
			"translation": [-3.5, -22, 4.25],
			"scale": [1.22, 1.22, 1.22]
		},
		"fixed": {
			"rotation": [-90, -45, -90],
			"translation": [2.75, 3, 0],
			"scale": [0.73, 0.73, 0.73]
		}
	},
	"groups": [
		{
			"name": "club",
			"origin": [8, 8, 8],
			"color": 0,
			"nbt": "{}",
			"children": [
				0,
				1,
				2,
				3,
				4,
				5,
				6,
				7,
				8,
				9,
				10,
				11,
				12,
				13,
				14,
				15,
				16,
				17,
				18,
				19,
				20,
				21,
				22,
				23,
				24,
				25,
				26,
				27,
				28,
				29,
				30,
				31,
				32,
				33,
				34,
				35,
				36,
				37,
				38,
				39,
				40,
				41,
				42,
				43,
				44,
				45,
				46,
				47,
				48,
				49,
				50,
				51,
				52,
				53,
				54,
				55,
				56,
				57,
				58,
				59,
				60,
				61,
				62,
				63,
				64,
				65,
				66,
				67
			]
		}
	]
}