{
	"credit": "Made with Blockbench",
	"parent": "iron_flail",
	"texture_size": [32, 32],
	"textures": {
		"0": "iron_historical_weapons",
		"particle": "iron_historical_weapons"
	},
	"elements": [
		{
			"from": [7.1, -12.8, 7.4],
			"to": [9.1, 8.2, 9.4],
			"rotation": {"angle": -45, "axis": "x", "origin": [8.1, 13.3, 8.4]},
			"faces": {
				"north": {"uv": [5, 0, 6, 10.5], "texture": "#0"},
				"east": {"uv": [5, 0, 6, 10.5], "texture": "#0"},
				"south": {"uv": [5, 0, 6, 10.5], "texture": "#0"},
				"west": {"uv": [5, 0, 6, 10.5], "texture": "#0"},
				"up": {"uv": [1, 0, 2, 1], "rotation": 90, "texture": "#0"},
				"down": {"uv": [5, 10, 6, 11], "rotation": 270, "texture": "#0"}
			}
		},
		{
			"from": [6.1, -2.7, 4.35],
			"to": [10.1, 1.3, 8.35],
			"rotation": {"angle": 0, "axis": "y", "origin": [8.1, 15.8, 6.35]},
			"faces": {
				"north": {"uv": [5, 14, 7, 16], "texture": "#0"},
				"east": {"uv": [5, 14, 7, 16], "texture": "#0"},
				"south": {"uv": [5, 14, 7, 16], "texture": "#0"},
				"west": {"uv": [5, 14, 7, 16], "texture": "#0"},
				"up": {"uv": [5, 14, 7, 16], "rotation": 90, "texture": "#0"},
				"down": {"uv": [5, 14, 7, 16], "rotation": 270, "texture": "#0"}
			}
		},
		{
			"from": [7.6, 0.55, 5.1],
			"to": [8.6, 2.55, 7.1],
			"rotation": {"angle": 45, "axis": "x", "origin": [8.1, 1.3, 6.35]},
			"faces": {
				"north": {"uv": [6, 12, 6.5, 13], "texture": "#0"},
				"east": {"uv": [5.5, 12, 6.5, 13], "texture": "#0"},
				"south": {"uv": [6.5, 12.5, 5.5, 13], "rotation": 90, "texture": "#0"},
				"west": {"uv": [5.5, 12, 6.5, 13], "rotation": 270, "texture": "#0"},
				"up": {"uv": [6, 12, 6.5, 13], "texture": "#0"},
				"down": {"uv": [6.5, 12.5, 5.5, 13], "rotation": 270, "texture": "#0"}
			}
		},
		{
			"from": [7.1, 1.3, 5.85],
			"to": [9.1, 3.3, 6.85],
			"rotation": {"angle": 45, "axis": "z", "origin": [8.1, 2.3, 6.35]},
			"faces": {
				"north": {"uv": [5.5, 13, 6.5, 14], "texture": "#0"},
				"south": {"uv": [5.5, 13, 6.5, 14], "rotation": 90, "texture": "#0"},
				"west": {"uv": [5.5, 13.5, 6.5, 14], "rotation": 90, "texture": "#0"},
				"down": {"uv": [6, 13, 6.5, 14], "rotation": 90, "texture": "#0"}
			}
		},
		{
			"from": [6.69, 2.29, 5.84],
			"to": [9.51, 4.31, 6.86],
			"rotation": {"angle": 0, "axis": "y", "origin": [8.1, 2.3, 6.35]},
			"faces": {
				"north": {"uv": [5, 12.5, 6.5, 13.5], "texture": "#0"},
				"east": {"uv": [5, 12.5, 5.5, 13.5], "texture": "#0"},
				"south": {"uv": [6.5, 12.5, 5, 13.5], "texture": "#0"},
				"west": {"uv": [6, 12.5, 6.5, 13.5], "texture": "#0"}
			}
		},
		{
			"from": [7.1, 3.3, 5.85],
			"to": [9.1, 5.3, 6.85],
			"rotation": {"angle": 45, "axis": "z", "origin": [8.1, 4.3, 6.35]},
			"faces": {
				"north": {"uv": [5, 12, 6, 13], "texture": "#0"},
				"east": {"uv": [5, 12, 6, 12.5], "rotation": 90, "texture": "#0"},
				"south": {"uv": [5, 12, 6, 13], "rotation": 90, "texture": "#0"},
				"up": {"uv": [5, 12, 5.5, 13], "rotation": 90, "texture": "#0"}
			}
		},
		{
			"from": [7.6, 3.3, 5.35],
			"to": [8.6, 5.3, 7.35],
			"rotation": {"angle": 45, "axis": "x", "origin": [8.1, 4.3, 6.35]},
			"faces": {
				"east": {"uv": [5.5, 13, 6.5, 14], "rotation": 90, "texture": "#0"},
				"south": {"uv": [5.5, 13.5, 6.5, 14], "rotation": 90, "texture": "#0"},
				"west": {"uv": [5.5, 13, 6.5, 14], "texture": "#0"},
				"down": {"uv": [6, 13, 6.5, 14], "texture": "#0"}
			}
		},
		{
			"from": [7.6, 5.3, 5.35],
			"to": [8.6, 7.3, 7.35],
			"rotation": {"angle": 45, "axis": "x", "origin": [8.1, 6.3, 6.35]},
			"faces": {
				"north": {"uv": [5, 12, 6, 12.5], "rotation": 90, "texture": "#0"},
				"east": {"uv": [5, 12, 6, 13], "rotation": 90, "texture": "#0"},
				"west": {"uv": [5, 12, 6, 13], "texture": "#0"},
				"up": {"uv": [5, 12, 5.5, 13], "rotation": 180, "texture": "#0"}
			}
		},
		{
			"from": [7.59, 4.29, 4.94],
			"to": [8.61, 6.31, 7.76],
			"rotation": {"angle": 0, "axis": "y", "origin": [8.1, 4.3, 6.35]},
			"faces": {
				"north": {"uv": [5, 12.5, 5.5, 13.5], "texture": "#0"},
				"east": {"uv": [6.5, 12.5, 5, 13.5], "texture": "#0"},
				"south": {"uv": [6, 12.5, 6.5, 13.5], "texture": "#0"},
				"west": {"uv": [5, 12.5, 6.5, 13.5], "texture": "#0"}
			}
		},
		{
			"from": [7.6, 7.3, 5.35],
			"to": [8.6, 9.3, 7.35],
			"rotation": {"angle": 45, "axis": "x", "origin": [8.1, 8.3, 6.35]},
			"faces": {
				"east": {"uv": [5.5, 13, 6.5, 14], "rotation": 90, "texture": "#0"},
				"south": {"uv": [5.5, 13.5, 6.5, 14], "rotation": 90, "texture": "#0"},
				"west": {"uv": [5.5, 13, 6.5, 14], "texture": "#0"},
				"down": {"uv": [6, 13, 6.5, 14], "texture": "#0"}
			}
		},
		{
			"from": [7.6, 9.3, 5.35],
			"to": [8.6, 11.3, 7.35],
			"rotation": {"angle": 45, "axis": "x", "origin": [8.1, 10.3, 6.35]},
			"faces": {
				"north": {"uv": [5, 12, 6, 12.5], "rotation": 90, "texture": "#0"},
				"east": {"uv": [5, 12, 6, 13], "rotation": 90, "texture": "#0"},
				"west": {"uv": [5, 12, 6, 13], "texture": "#0"},
				"up": {"uv": [5, 12, 5.5, 13], "rotation": 180, "texture": "#0"}
			}
		},
		{
			"from": [7.59, 8.29, 4.94],
			"to": [8.61, 10.31, 7.76],
			"rotation": {"angle": 0, "axis": "y", "origin": [8.1, 8.3, 6.35]},
			"faces": {
				"north": {"uv": [5, 12.5, 5.5, 13.5], "texture": "#0"},
				"east": {"uv": [6.5, 12.5, 5, 13.5], "texture": "#0"},
				"south": {"uv": [6, 12.5, 6.5, 13.5], "texture": "#0"},
				"west": {"uv": [5, 12.5, 6.5, 13.5], "texture": "#0"}
			}
		},
		{
			"from": [7.1, 7.3, 5.85],
			"to": [9.1, 9.3, 6.85],
			"rotation": {"angle": 45, "axis": "z", "origin": [8.1, 8.3, 6.35]},
			"faces": {
				"north": {"uv": [5, 12, 6, 13], "texture": "#0"},
				"east": {"uv": [5, 12, 6, 12.5], "rotation": 90, "texture": "#0"},
				"south": {"uv": [5, 12, 6, 13], "rotation": 90, "texture": "#0"},
				"up": {"uv": [5, 12, 5.5, 13], "rotation": 90, "texture": "#0"}
			}
		},
		{
			"from": [7.1, 5.3, 5.85],
			"to": [9.1, 7.3, 6.85],
			"rotation": {"angle": 45, "axis": "z", "origin": [8.1, 6.3, 6.35]},
			"faces": {
				"north": {"uv": [5.5, 13, 6.5, 14], "texture": "#0"},
				"south": {"uv": [5.5, 13, 6.5, 14], "rotation": 90, "texture": "#0"},
				"west": {"uv": [5.5, 13.5, 6.5, 14], "rotation": 90, "texture": "#0"},
				"down": {"uv": [6, 13, 6.5, 14], "rotation": 90, "texture": "#0"}
			}
		},
		{
			"from": [6.69, 6.29, 5.84],
			"to": [9.51, 8.31, 6.86],
			"rotation": {"angle": 0, "axis": "y", "origin": [8.1, 6.3, 6.35]},
			"faces": {
				"north": {"uv": [5, 12.5, 6.5, 13.5], "texture": "#0"},
				"east": {"uv": [5, 12.5, 5.5, 13.5], "texture": "#0"},
				"south": {"uv": [6.5, 12.5, 5, 13.5], "texture": "#0"},
				"west": {"uv": [6, 12.5, 6.5, 13.5], "texture": "#0"}
			}
		},
		{
			"from": [7.1, 11.3, 5.85],
			"to": [9.1, 13.3, 6.85],
			"rotation": {"angle": 45, "axis": "z", "origin": [8.1, 12.3, 6.35]},
			"faces": {
				"north": {"uv": [5, 12, 6, 13], "texture": "#0"},
				"east": {"uv": [5, 12, 6, 12.5], "rotation": 90, "texture": "#0"},
				"south": {"uv": [5, 12, 6, 13], "rotation": 90, "texture": "#0"},
				"up": {"uv": [5, 12, 5.5, 13], "rotation": 90, "texture": "#0"}
			}
		},
		{
			"from": [7.1, 9.3, 5.85],
			"to": [9.1, 11.3, 6.85],
			"rotation": {"angle": 45, "axis": "z", "origin": [8.1, 10.3, 6.35]},
			"faces": {
				"north": {"uv": [5.5, 13, 6.5, 14], "texture": "#0"},
				"south": {"uv": [5.5, 13, 6.5, 14], "rotation": 90, "texture": "#0"},
				"west": {"uv": [5.5, 13.5, 6.5, 14], "rotation": 90, "texture": "#0"},
				"down": {"uv": [6, 13, 6.5, 14], "rotation": 90, "texture": "#0"}
			}
		},
		{
			"from": [6.69, 10.29, 5.84],
			"to": [9.51, 12.31, 6.86],
			"rotation": {"angle": 0, "axis": "y", "origin": [8.1, 10.3, 6.35]},
			"faces": {
				"north": {"uv": [5, 12.5, 6.5, 13.5], "texture": "#0"},
				"east": {"uv": [5, 12.5, 5.5, 13.5], "texture": "#0"},
				"south": {"uv": [6.5, 12.5, 5, 13.5], "texture": "#0"},
				"west": {"uv": [6, 12.5, 6.5, 13.5], "texture": "#0"}
			}
		},
		{
			"from": [7.6, 11.5, 5.1],
			"to": [8.6, 13.5, 7.1],
			"rotation": {"angle": -22.5, "axis": "x", "origin": [8.1, 12.5, 6.1]},
			"faces": {
				"north": {"uv": [6, 13, 6.5, 14], "texture": "#0"},
				"east": {"uv": [5.5, 13, 6.5, 14], "texture": "#0"},
				"west": {"uv": [5.5, 13, 6.5, 14], "rotation": 90, "texture": "#0"},
				"down": {"uv": [5.5, 13.5, 6.5, 14], "rotation": 270, "texture": "#0"}
			}
		},
		{
			"from": [7.6, 13.05, 5.75],
			"to": [8.6, 15.05, 7.75],
			"rotation": {"angle": -22.5, "axis": "x", "origin": [8.1, 14.5, 6.1]},
			"faces": {
				"east": {"uv": [5, 12, 6, 13], "texture": "#0"},
				"south": {"uv": [5, 12, 5.5, 13], "texture": "#0"},
				"west": {"uv": [5, 12, 6, 13], "rotation": 90, "texture": "#0"},
				"up": {"uv": [5, 12, 6, 12.5], "rotation": 90, "texture": "#0"}
			}
		},
		{
			"from": [7.59, 12.49, 4.69],
			"to": [8.61, 14.51, 7.51],
			"rotation": {"angle": 22.5, "axis": "x", "origin": [8.1, 12.5, 6.1]},
			"faces": {
				"north": {"uv": [5, 12.5, 5.5, 13.5], "texture": "#0"},
				"east": {"uv": [6.5, 12.5, 5, 13.5], "texture": "#0"},
				"south": {"uv": [6, 12.5, 6.5, 13.5], "texture": "#0"},
				"west": {"uv": [5, 12.5, 6.5, 13.5], "texture": "#0"}
			}
		},
		{
			"from": [6.99, 8.19, 7.29],
			"to": [9.21, 14.41, 9.51],
			"rotation": {"angle": -45, "axis": "x", "origin": [8.1, 13.3, 8.4]},
			"faces": {
				"north": {"uv": [7, 13, 8, 16], "texture": "#0"},
				"east": {"uv": [7, 13, 8, 16], "texture": "#0"},
				"south": {"uv": [7, 13, 8, 16], "texture": "#0"},
				"west": {"uv": [7, 13, 8, 16], "texture": "#0"},
				"up": {"uv": [7, 13, 8, 14], "rotation": 90, "texture": "#0"},
				"down": {"uv": [7, 13, 8, 14], "rotation": 270, "texture": "#0"}
			}
		},
		{
			"from": [7, 13.3, 6.85],
			"to": [9.2, 14.85, 8.4],
			"rotation": {"angle": 0, "axis": "y", "origin": [8.1, 13.3, 8.4]},
			"faces": {
				"north": {"uv": [7, 12.5, 8, 13.175], "texture": "#0"},
				"east": {"uv": [7.175, 12.5, 7.85, 13.175], "texture": "#0"},
				"south": {"uv": [7, 12.5, 8, 13.175], "texture": "#0"},
				"west": {"uv": [7.175, 12.5, 7.85, 13.175], "texture": "#0"},
				"up": {"uv": [7, 12.5, 7.675, 13.5], "rotation": 90, "texture": "#0"},
				"down": {"uv": [7, 12.5, 7.675, 13.5], "rotation": 270, "texture": "#0"}
			}
		},
		{
			"from": [7.59, -1.26, 7.09],
			"to": [8.61, 0.56, 8.91],
			"rotation": {"angle": -45, "axis": "x", "origin": [8.1, -0.7, 8.35]},
			"faces": {
				"east": {"uv": [15.2, 11.7, 14.2, 10.7], "rotation": 90, "texture": "#0"},
				"west": {"uv": [15.2, 11.7, 14.2, 10.7], "texture": "#0"}
			}
		},
		{
			"from": [7.6, -0.85, 9.7],
			"to": [8.6, -0.3, 10.25],
			"rotation": {"angle": 45, "axis": "x", "origin": [8.1, -0.7, 9.85]},
			"faces": {
				"east": {"uv": [12.025, 15.025, 12.3, 15.3], "texture": "#0"},
				"south": {"uv": [12, 15.075, 12.5, 15.35], "texture": "#0"},
				"west": {"uv": [12.025, 15.025, 12.3, 15.3], "texture": "#0"},
				"up": {"uv": [12, 15.025, 12.5, 15.3], "texture": "#0"}
			}
		},
		{
			"from": [7.6, -1.7, 7.35],
			"to": [8.6, -0.7, 9.75],
			"rotation": {"angle": -22.5, "axis": "x", "origin": [8.1, -0.7, 8.35]},
			"faces": {
				"east": {"uv": [12, 15, 13.2, 15.5], "texture": "#0"},
				"west": {"uv": [13.2, 15, 12, 15.5], "texture": "#0"},
				"down": {"uv": [12, 15, 13.2, 15.5], "rotation": 90, "texture": "#0"}
			}
		},
		{
			"from": [7.6, -0.7, 7.35],
			"to": [8.6, 0.3, 9.75],
			"rotation": {"angle": 22.5, "axis": "x", "origin": [8.1, -0.7, 8.35]},
			"faces": {
				"east": {"uv": [12, 15, 13.2, 15.5], "texture": "#0"},
				"west": {"uv": [13.2, 15, 12, 15.5], "texture": "#0"},
				"up": {"uv": [13.2, 15, 12, 15.5], "rotation": 90, "texture": "#0"}
			}
		},
		{
			"from": [7.6, -0.85, 2.45],
			"to": [8.6, -0.3, 3],
			"rotation": {"angle": -45, "axis": "x", "origin": [8.1, -0.7, 2.85]},
			"faces": {
				"north": {"uv": [12.5, 15.075, 12, 15.35], "texture": "#0"},
				"east": {"uv": [12.3, 15.025, 12.025, 15.3], "texture": "#0"},
				"west": {"uv": [12.3, 15.025, 12.025, 15.3], "texture": "#0"},
				"up": {"uv": [12, 15.3, 12.5, 15.025], "texture": "#0"}
			}
		},
		{
			"from": [7.6, -0.7, 2.95],
			"to": [8.6, 0.3, 5.35],
			"rotation": {"angle": -22.5, "axis": "x", "origin": [8.1, -0.7, 4.35]},
			"faces": {
				"east": {"uv": [13.2, 15, 12, 15.5], "texture": "#0"},
				"west": {"uv": [12, 15, 13.2, 15.5], "texture": "#0"},
				"up": {"uv": [12, 15, 13.2, 15.5], "rotation": 90, "texture": "#0"}
			}
		},
		{
			"from": [7.6, -1.7, 2.95],
			"to": [8.6, -0.7, 5.35],
			"rotation": {"angle": 22.5, "axis": "x", "origin": [8.1, -0.7, 4.35]},
			"faces": {
				"east": {"uv": [13.2, 15, 12, 15.5], "texture": "#0"},
				"west": {"uv": [12, 15, 13.2, 15.5], "texture": "#0"},
				"down": {"uv": [13.2, 15, 12, 15.5], "rotation": 90, "texture": "#0"}
			}
		},
		{
			"from": [7.59, -1.26, 3.79],
			"to": [8.61, 0.56, 5.61],
			"rotation": {"angle": 45, "axis": "x", "origin": [8.1, -0.7, 4.35]},
			"faces": {
				"east": {"uv": [15.2, 10.7, 14.2, 11.7], "rotation": 90, "texture": "#0"},
				"west": {"uv": [14.2, 11.7, 15.2, 10.7], "texture": "#0"}
			}
		},
		{
			"from": [11.45, -0.85, 5.85],
			"to": [12, -0.3, 6.85],
			"rotation": {"angle": -45, "axis": "z", "origin": [11.6, -0.7, 6.35]},
			"faces": {
				"north": {"uv": [12.3, 15.025, 12.025, 15.3], "texture": "#0"},
				"east": {"uv": [12.5, 15.075, 12, 15.35], "texture": "#0"},
				"south": {"uv": [12.3, 15.025, 12.025, 15.3], "texture": "#0"},
				"up": {"uv": [12, 15.3, 12.5, 15.025], "rotation": 90, "texture": "#0"}
			}
		},
		{
			"from": [8.84, -1.26, 5.84],
			"to": [10.66, 0.56, 6.86],
			"rotation": {"angle": 45, "axis": "z", "origin": [10.1, -0.7, 6.35]},
			"faces": {
				"north": {"uv": [14.2, 11.7, 15.2, 10.7], "texture": "#0"},
				"south": {"uv": [15.2, 10.7, 14.2, 11.7], "rotation": 90, "texture": "#0"}
			}
		},
		{
			"from": [9.1, -0.7, 5.85],
			"to": [11.5, 0.3, 6.85],
			"rotation": {"angle": -22.5, "axis": "z", "origin": [10.1, -0.7, 6.35]},
			"faces": {
				"north": {"uv": [12, 15, 13.2, 15.5], "texture": "#0"},
				"south": {"uv": [13.2, 15, 12, 15.5], "texture": "#0"},
				"up": {"uv": [12, 15, 13.2, 15.5], "rotation": 180, "texture": "#0"}
			}
		},
		{
			"from": [9.1, -1.7, 5.85],
			"to": [11.5, -0.7, 6.85],
			"rotation": {"angle": 22.5, "axis": "z", "origin": [10.1, -0.7, 6.35]},
			"faces": {
				"north": {"uv": [12, 15, 13.2, 15.5], "texture": "#0"},
				"south": {"uv": [13.2, 15, 12, 15.5], "texture": "#0"},
				"down": {"uv": [13.2, 15, 12, 15.5], "texture": "#0"}
			}
		},
		{
			"from": [4, -0.85, 5.85],
			"to": [4.55, -0.3, 6.85],
			"rotation": {"angle": 45, "axis": "z", "origin": [4.4, -0.7, 6.35]},
			"faces": {
				"north": {"uv": [12.025, 15.025, 12.3, 15.3], "texture": "#0"},
				"south": {"uv": [12.025, 15.025, 12.3, 15.3], "texture": "#0"},
				"west": {"uv": [12, 15.075, 12.5, 15.35], "texture": "#0"},
				"up": {"uv": [12, 15.025, 12.5, 15.3], "rotation": 90, "texture": "#0"}
			}
		},
		{
			"from": [5.34, -1.26, 5.84],
			"to": [7.16, 0.56, 6.86],
			"rotation": {"angle": -45, "axis": "z", "origin": [5.9, -0.7, 6.35]},
			"faces": {
				"north": {"uv": [15.2, 11.7, 14.2, 10.7], "texture": "#0"},
				"south": {"uv": [15.2, 11.7, 14.2, 10.7], "rotation": 90, "texture": "#0"}
			}
		},
		{
			"from": [4.5, -0.7, 5.85],
			"to": [6.9, 0.3, 6.85],
			"rotation": {"angle": 22.5, "axis": "z", "origin": [5.9, -0.7, 6.35]},
			"faces": {
				"north": {"uv": [13.2, 15, 12, 15.5], "texture": "#0"},
				"south": {"uv": [12, 15, 13.2, 15.5], "texture": "#0"},
				"up": {"uv": [13.2, 15, 12, 15.5], "rotation": 180, "texture": "#0"}
			}
		},
		{
			"from": [4.5, -1.7, 5.85],
			"to": [6.9, -0.7, 6.85],
			"rotation": {"angle": -22.5, "axis": "z", "origin": [5.9, -0.7, 6.35]},
			"faces": {
				"north": {"uv": [13.2, 15, 12, 15.5], "texture": "#0"},
				"south": {"uv": [12, 15, 13.2, 15.5], "texture": "#0"},
				"down": {"uv": [12, 15, 13.2, 15.5], "texture": "#0"}
			}
		},
		{
			"from": [7.7, -4.6, 5.85],
			"to": [8.25, -4.05, 6.85],
			"rotation": {"angle": 45, "axis": "z", "origin": [8.1, -4.2, 6.35]},
			"faces": {
				"north": {"uv": [12.025, 15.025, 12.3, 15.3], "rotation": 90, "texture": "#0"},
				"south": {"uv": [12.025, 15.025, 12.3, 15.3], "rotation": 270, "texture": "#0"},
				"west": {"uv": [12, 15.025, 12.5, 15.3], "texture": "#0"},
				"down": {"uv": [12, 15.075, 12.5, 15.35], "rotation": 270, "texture": "#0"}
			}
		},
		{
			"from": [6.84, -3.26, 5.84],
			"to": [8.66, -1.44, 6.86],
			"rotation": {"angle": -45, "axis": "z", "origin": [8.1, -2.7, 6.35]},
			"faces": {
				"north": {"uv": [15.2, 11.7, 14.2, 10.7], "rotation": 90, "texture": "#0"},
				"south": {"uv": [15.2, 11.7, 14.2, 10.7], "texture": "#0"}
			}
		},
		{
			"from": [7.1, -4.1, 5.85],
			"to": [8.1, -1.7, 6.85],
			"rotation": {"angle": 22.5, "axis": "z", "origin": [8.1, -2.7, 6.35]},
			"faces": {
				"north": {"uv": [13.2, 15, 12, 15.5], "rotation": 90, "texture": "#0"},
				"south": {"uv": [12, 15, 13.2, 15.5], "rotation": 270, "texture": "#0"},
				"west": {"uv": [13.2, 15, 12, 15.5], "rotation": 90, "texture": "#0"}
			}
		},
		{
			"from": [8.1, -4.1, 5.85],
			"to": [9.1, -1.7, 6.85],
			"rotation": {"angle": -22.5, "axis": "z", "origin": [8.1, -2.7, 6.35]},
			"faces": {
				"north": {"uv": [13.2, 15, 12, 15.5], "rotation": 90, "texture": "#0"},
				"east": {"uv": [12, 15, 13.2, 15.5], "rotation": 270, "texture": "#0"},
				"south": {"uv": [12, 15, 13.2, 15.5], "rotation": 270, "texture": "#0"}
			}
		}
	],
	"gui_light": "front",
	"display": {
		"thirdperson_righthand": {
			"rotation": [49.75, 0, 0],
			"translation": [0, 8.25, -1.25],
			"scale": [0.76, 0.76, 0.76]
		},
		"thirdperson_lefthand": {
			"rotation": [49.75, 0, 0],
			"translation": [0.25, 8.25, -1.25],
			"scale": [0.76, 0.76, 0.76]
		},
		"firstperson_righthand": {
			"rotation": [20.25, 5, 0],
			"translation": [4.25, 5.75, -5.25],
			"scale": [0.75, 0.75, 0.75]
		},
		"firstperson_lefthand": {
			"rotation": [20.25, 5, 0],
			"translation": [4.25, 5.75, -5.25],
			"scale": [0.75, 0.75, 0.75]
		},
		"ground": {
			"rotation": [1, 0.8, -1.89],
			"translation": [0, 1.75, -1.75],
			"scale": [0.25, 0.25, 0.25]
		},
		"gui": {
			"rotation": [90, -84, 90],
			"translation": [3.75, 2.75, 0],
			"scale": [0.64, 0.64, 0.64]
		},
		"head": {
			"rotation": [90, 89, -90],
			"translation": [-10.5, -9.75, 4.25],
			"scale": [1.22, 1.22, 1.22]
		},
		"fixed": {
			"rotation": [-90, -94, -90],
			"translation": [4.5, 2.5, 0],
			"scale": [0.74, 0.74, 0.74]
		}
	},
	"groups": [
		{
			"name": "flail",
			"origin": [8, 8, 8],
			"color": 0,
			"nbt": "{}",
			"children": [0, 1, 2, 3, 4, 5, 6, 7, 8, 9, 10, 11, 12, 13, 14, 15, 16, 17, 18, 19, 20, 21, 22, 23, 24, 25, 26, 27, 28, 29, 30, 31, 32, 33, 34, 35, 36, 37, 38, 39, 40, 41, 42]
		}
	]
}