{
	"credit": "Made with Blockbench",
	"parent": "iron_warhammer",
	"texture_size": [32, 32],
	"textures": {
		"0": "iron_historical_weapons",
		"particle": "iron_historical_weapons"
	},
	"elements": [
		{
			"from": [7, -13, 7],
			"to": [9, 13, 9],
			"rotation": {"angle": 0, "axis": "y", "origin": [8, 0, 8]},
			"faces": {
				"north": {"uv": [5, 0, 6, 11.5], "texture": "#0"},
				"east": {"uv": [5, 0, 6, 11.5], "texture": "#0"},
				"south": {"uv": [5, 0, 6, 11.5], "texture": "#0"},
				"west": {"uv": [5, 0, 6, 11.5], "texture": "#0"},
				"up": {"uv": [1, 0, 2, 1], "texture": "#0"}
			}
		},
		{
			"from": [7, 16, 7],
			"to": [9, 17, 9],
			"rotation": {"angle": 0, "axis": "y", "origin": [8, 0, 8]},
			"faces": {
				"north": {"uv": [7.5, 0.5, 8.5, 1], "texture": "#0"},
				"east": {"uv": [7.5, 0.5, 8.5, 1], "texture": "#0"},
				"south": {"uv": [7.5, 0.5, 8.5, 1], "texture": "#0"},
				"west": {"uv": [7.5, 0.5, 8.5, 1], "texture": "#0"},
				"up": {"uv": [1, 1.5, 2, 2.5], "texture": "#0"}
			}
		},
		{
			"from": [6.5, 13, 6.5],
			"to": [9.5, 16, 9.5],
			"rotation": {"angle": 0, "axis": "y", "origin": [8, 0, 8]},
			"faces": {
				"north": {"uv": [14, 13, 15.5, 14.5], "texture": "#0"},
				"east": {"uv": [14, 13, 15.5, 14.5], "texture": "#0"},
				"south": {"uv": [14, 13, 15.5, 14.5], "texture": "#0"},
				"west": {"uv": [14, 13, 15.5, 14.5], "texture": "#0"},
				"up": {"uv": [13.5, 10, 15, 11.5], "texture": "#0"},
				"down": {"uv": [14, 14.5, 15.5, 16], "texture": "#0"}
			}
		},
		{
			"from": [7.49, 12.69, 8.84],
			"to": [8.51, 14.61, 11.31],
			"rotation": {"angle": -45, "axis": "x", "origin": [8, 14.1, 8.8]},
			"faces": {
				"north": {"uv": [15, 15, 15.5, 16], "texture": "#0"},
				"east": {"uv": [14.5, 16, 13.5, 14.775], "rotation": 90, "texture": "#0"},
				"south": {"uv": [14, 14.775, 14.5, 15.775], "texture": "#0"},
				"west": {"uv": [14.5, 14.775, 13.5, 16], "rotation": 90, "texture": "#0"},
				"up": {"uv": [14, 14.775, 14.5, 16], "texture": "#0"},
				"down": {"uv": [14, 14.775, 14.5, 16], "texture": "#0"}
			}
		},
		{
			"from": [7.5, 14.55, 10.25],
			"to": [8.5, 16.55, 13.05],
			"rotation": {"angle": 22.5, "axis": "x", "origin": [8, 16.45, 9.4]},
			"faces": {
				"east": {"uv": [12.5, 14.5, 13.9, 15.5], "texture": "#0"},
				"west": {"uv": [12.5, 15.5, 13.9, 14.5], "rotation": 180, "texture": "#0"},
				"up": {"uv": [13.9, 14.5, 12.5, 15], "rotation": 90, "texture": "#0"}
			}
		},
		{
			"from": [7.5, 12.2, 11.95],
			"to": [8.5, 15.2, 12.9],
			"rotation": {"angle": -45, "axis": "x", "origin": [8, 15.05, 12.9]},
			"faces": {
				"east": {"uv": [11, 14.5, 12.5, 14.975], "rotation": 90, "texture": "#0"},
				"south": {"uv": [11, 14.5, 12.5, 15], "rotation": 90, "texture": "#0"},
				"west": {"uv": [11, 14.5, 12.5, 14.975], "rotation": 90, "texture": "#0"},
				"down": {"uv": [12.5, 14.5, 13, 14.975], "texture": "#0"}
			}
		},
		{
			"from": [7.49, 13.39, 12.29],
			"to": [8.51, 14.41, 14.71],
			"rotation": {"angle": 22.5, "axis": "x", "origin": [8, 14.05, 11.9]},
			"faces": {
				"north": {"uv": [13, 14.5, 13.5, 15], "rotation": 180, "texture": "#0"},
				"east": {"uv": [12.3, 14.5, 13.5, 15], "texture": "#0"},
				"south": {"uv": [13, 14.5, 13.5, 15], "texture": "#0"},
				"west": {"uv": [12.3, 14.5, 13.5, 15], "rotation": 180, "texture": "#0"},
				"up": {"uv": [12.3, 14.5, 13.5, 15], "rotation": 90, "texture": "#0"},
				"down": {"uv": [12.3, 14.5, 13.5, 15], "rotation": 90, "texture": "#0"}
			}
		},
		{
			"from": [7.51, 13.11, 9.81],
			"to": [8.49, 13.99, 12.79],
			"rotation": {"angle": 0, "axis": "y", "origin": [8, 14.05, 11.9]},
			"faces": {
				"north": {"uv": [14, 14.55, 14.5, 15.1], "rotation": 180, "texture": "#0"},
				"east": {"uv": [14, 14.55, 14.5, 16], "rotation": 90, "texture": "#0"},
				"south": {"uv": [14, 14.55, 14.5, 15.1], "texture": "#0"},
				"west": {"uv": [14, 14.55, 14.5, 16], "rotation": 270, "texture": "#0"},
				"up": {"uv": [14, 14.55, 14.5, 16], "texture": "#0"},
				"down": {"uv": [14, 14.55, 14.5, 16], "rotation": 180, "texture": "#0"}
			}
		},
		{
			"from": [7, 13.5, 3.5],
			"to": [9, 15.5, 6.5],
			"rotation": {"angle": 45, "axis": "z", "origin": [8, 14.5, 8]},
			"faces": {
				"north": {"uv": [14, 12, 15, 13], "texture": "#0"},
				"east": {"uv": [15.5, 11.5, 14, 12.5], "texture": "#0"},
				"south": {"uv": [14, 12, 15, 13], "texture": "#0"},
				"west": {"uv": [14, 12, 15.5, 13], "texture": "#0"},
				"up": {"uv": [14, 11.5, 15.5, 12.5], "rotation": 90, "texture": "#0"},
				"down": {"uv": [15.5, 12, 14, 13], "rotation": 90, "texture": "#0"}
			}
		},
		{
			"from": [6.5, 13, 1.5],
			"to": [9.5, 16, 3.5],
			"rotation": {"angle": 45, "axis": "z", "origin": [8, 14.5, 8]},
			"faces": {
				"north": {"uv": [13.5, 10, 15, 11.5], "texture": "#0"},
				"east": {"uv": [13.5, 10.5, 15, 9.5], "rotation": 90, "texture": "#0"},
				"south": {"uv": [12.5, 11.5, 14, 13], "rotation": 90, "texture": "#0"},
				"west": {"uv": [14.5, 10, 15.5, 11.5], "texture": "#0"},
				"up": {"uv": [15, 10.5, 13.5, 9.5], "texture": "#0"},
				"down": {"uv": [15.5, 10, 14.5, 11.5], "rotation": 90, "texture": "#0"}
			}
		},
		{
			"from": [6.95, -1, 7.5],
			"to": [9.05, 13, 8.5],
			"rotation": {"angle": 0, "axis": "y", "origin": [8, 0, 8]},
			"faces": {
				"east": {"uv": [15.5, 9, 16, 16], "texture": "#0"},
				"west": {"uv": [15.5, 9, 16, 16], "texture": "#0"}
			}
		},
		{
			"from": [6.95, -1.35, 7.65],
			"to": [9.05, -0.65, 8.35],
			"rotation": {"angle": 45, "axis": "x", "origin": [7, -1, 8]},
			"faces": {
				"east": {"uv": [15.65, 15.65, 16, 16], "texture": "#0"},
				"west": {"uv": [15.65, 15.65, 16, 16], "texture": "#0"}
			}
		},
		{
			"from": [6.99, -15.01, 6.99],
			"to": [9.01, -11.99, 10.01],
			"rotation": {"angle": 45, "axis": "x", "origin": [8, -13, 8]},
			"faces": {
				"north": {"uv": [14, 11, 15, 12.5], "texture": "#0"},
				"east": {"uv": [12.5, 13, 14, 14.5], "rotation": 90, "texture": "#0"},
				"south": {"uv": [13.5, 14.5, 14.5, 16], "texture": "#0"},
				"west": {"uv": [12.5, 13, 14, 14.5], "texture": "#0"},
				"up": {"uv": [15, 11, 14, 12.5], "texture": "#0"},
				"down": {"uv": [13.5, 16, 14.5, 14.5], "texture": "#0"}
			}
		}
	],
	"gui_light": "front",
	"display": {
		"thirdperson_righthand": {
			"translation": [0, 11, 1.5],
			"scale": [0.76, 0.76, 0.76]
		},
		"thirdperson_lefthand": {
			"translation": [0, 11, 1.5],
			"scale": [0.76, 0.76, 0.76]
		},
		"firstperson_righthand": {
			"rotation": [-7.75, 5, 0],
			"translation": [4.25, 9, -5.25],
			"scale": [0.75, 0.75, 0.75]
		},
		"firstperson_lefthand": {
			"rotation": [-7.75, 5, 0],
			"translation": [4.25, 9, -5.25],
			"scale": [0.75, 0.75, 0.75]
		},
		"ground": {
			"rotation": [-47, 0.8, -1.89],
			"translation": [0, 1.75, 0],
			"scale": [0.25, 0.25, 0.25]
		},
		"gui": {
			"rotation": [-90, 135, 90],
			"translation": [2.25, 1.75, 0],
			"scale": [0.57, 0.57, 0.57]
		},
		"head": {
			"rotation": [-90, -58, 90],
			"translation": [-3.5, -22, 4.25],
			"scale": [1.22, 1.22, 1.22]
		},
		"fixed": {
			"rotation": [-90, -45, -90],
			"translation": [2.25, 2.25, 0],
			"scale": [0.67, 0.67, 0.67]
		}
	},
	"groups": [
		{
			"name": "warhammer",
			"origin": [8, 8, 8],
			"color": 0,
			"nbt": "{}",
			"children": [0, 1, 2, 3, 4, 5, 6, 7, 8, 9, 10, 11, 12]
		}
	]
}