{
	"credit": "Made with Blockbench",
	"parent": "iron_tower_shield",
	"texture_size": [32, 32],
	"textures": {
		"0": "iron_historical_shields",
		"particle": "iron_historical_shields"
	},
	"elements": [
		{
			"from": [9, 23, 0],
			"to": [11, 25, 2],
			"faces": {
				"north": {"uv": [7.5, 1.5, 8.5, 2.5], "texture": "#0"},
				"south": {"uv": [7.5, 1.5, 8.5, 2.5], "texture": "#0"},
				"up": {"uv": [7.5, 1, 8.5, 2], "texture": "#0"},
				"down": {"uv": [7.5, 2, 8.5, 3], "texture": "#0"}
			}
		},
		{
			"from": [11, -1, 0],
			"to": [13, 23, 2],
			"faces": {
				"north": {"uv": [0, 0, 1, 12], "texture": "#0"},
				"east": {"uv": [0, 0, 1, 12], "texture": "#0"},
				"south": {"uv": [0, 0, 1, 12], "texture": "#0"},
				"west": {"uv": [0, 0, 1, 12], "texture": "#0"},
				"up": {"uv": [0, 0, 1, 1], "texture": "#0"},
				"down": {"uv": [0, 0, 1, 1], "texture": "#0"}
			}
		},
		{
			"from": [9, 22.15, 0.01],
			"to": [11, 25, 1.99],
			"rotation": {"angle": 45, "axis": "z", "origin": [11, 25, 0]},
			"faces": {
				"north": {"uv": [0.225, 0, 1, 1.425], "texture": "#0"},
				"east": {"uv": [0.225, 0, 1, 1.425], "texture": "#0"},
				"south": {"uv": [0.225, 0, 1, 1.425], "texture": "#0"},
				"west": {"uv": [0.225, 0, 1, 1.425], "texture": "#0"}
			}
		},
		{
			"from": [9, -3, 0],
			"to": [11, -1, 2],
			"rotation": {"angle": 0, "axis": "y", "origin": [0, 22, 0]},
			"faces": {
				"north": {"uv": [1, 10.5, 2, 11.5], "rotation": 180, "texture": "#0"},
				"south": {"uv": [0, 11.5, 1, 12.5], "texture": "#0"},
				"up": {"uv": [7, 1, 8, 2], "texture": "#0"},
				"down": {"uv": [1, 9, 2, 10], "texture": "#0"}
			}
		},
		{
			"from": [9, -3, 0.02],
			"to": [11, -0.15, 2.03],
			"rotation": {"angle": -45, "axis": "z", "origin": [11, -3, 0]},
			"faces": {
				"north": {"uv": [0.225, 11.025, 1, 12.45], "texture": "#0"},
				"east": {"uv": [0.2, 11.025, 1, 12.45], "texture": "#0"},
				"south": {"uv": [0.3, 11.025, 1, 12.45], "texture": "#0"},
				"west": {"uv": [0.2, 11.025, 1, 12.45], "texture": "#0"}
			}
		},
		{
			"from": [0, -3, 9],
			"to": [2, -1, 11],
			"rotation": {"angle": 0, "axis": "y", "origin": [2, 22, 0]},
			"faces": {
				"east": {"uv": [7, 1.5, 8, 2.5], "texture": "#0"},
				"west": {"uv": [7, 1.5, 8, 2.5], "texture": "#0"},
				"up": {"uv": [7, 1, 8, 2], "rotation": 90, "texture": "#0"},
				"down": {"uv": [2.5, 2, 3.5, 3], "rotation": 270, "texture": "#0"}
			}
		},
		{
			"from": [0.02, -3, 9],
			"to": [2.04, -0.15, 11],
			"rotation": {"angle": 45, "axis": "x", "origin": [2, -3, 11]},
			"faces": {
				"north": {"uv": [1, 8, 1.8, 6.575], "texture": "#0"},
				"east": {"uv": [1, 8, 1.8, 6.575], "texture": "#0"},
				"south": {"uv": [0, 11, 1, 9.575], "texture": "#0"},
				"west": {"uv": [1, 8, 1.8, 6.575], "texture": "#0"}
			}
		},
		{
			"from": [-0.02, 22.15, 9],
			"to": [1.99, 25, 11],
			"rotation": {"angle": -45, "axis": "x", "origin": [2, 25, 11]},
			"faces": {
				"north": {"uv": [5, 1.5, 6.425, 2.5], "rotation": 90, "texture": "#0"},
				"east": {"uv": [5, 2, 6.425, 1.25], "rotation": 90, "texture": "#0"},
				"south": {"uv": [6.925, 2, 5.5, 1], "rotation": 90, "texture": "#0"},
				"west": {"uv": [5.5, 1, 6.925, 1.7], "rotation": 90, "texture": "#0"}
			}
		},
		{
			"from": [0, -1, 11],
			"to": [2, 23, 13],
			"rotation": {"angle": 0, "axis": "y", "origin": [2, 0, 0]},
			"faces": {
				"north": {"uv": [0, 0, 1, 12], "texture": "#0"},
				"east": {"uv": [0, 0, 1, 12], "texture": "#0"},
				"south": {"uv": [0, 0, 1, 12], "texture": "#0"},
				"west": {"uv": [0, 0, 1, 12], "texture": "#0"},
				"up": {"uv": [0, 0, 1, 1], "rotation": 90, "texture": "#0"},
				"down": {"uv": [0, 0, 1, 1], "rotation": 270, "texture": "#0"}
			}
		},
		{
			"from": [0, 23, 9],
			"to": [2, 25, 11],
			"rotation": {"angle": 0, "axis": "y", "origin": [2, 0, 0]},
			"faces": {
				"east": {"uv": [7.5, 1.5, 8.5, 2.5], "texture": "#0"},
				"west": {"uv": [7.5, 1.5, 8.5, 2.5], "texture": "#0"},
				"up": {"uv": [7.5, 1, 8.5, 2], "rotation": 90, "texture": "#0"},
				"down": {"uv": [7.5, 2, 8.5, 3], "rotation": 270, "texture": "#0"}
			}
		},
		{
			"from": [-3.75, -3, 0],
			"to": [9, -1, 2],
			"rotation": {"angle": 45, "axis": "y", "origin": [9, 0, 0]},
			"faces": {
				"north": {"uv": [1, 1.5, 7.375, 2.5], "texture": "#0"},
				"east": {"uv": [1.5, 1.5, 2.5, 2.5], "texture": "#0"},
				"south": {"uv": [1, 1.5, 7.375, 2.5], "texture": "#0"},
				"west": {"uv": [1.5, 1.5, 2.5, 2.5], "texture": "#0"},
				"up": {"uv": [1, 1, 7.375, 2], "texture": "#0"},
				"down": {"uv": [8.475, 1, 2.1, 0], "texture": "#0"}
			}
		},
		{
			"from": [-3.75, 23, 0],
			"to": [9, 25, 2],
			"rotation": {"angle": 45, "axis": "y", "origin": [9, 0, 0]},
			"faces": {
				"north": {"uv": [1, 1.5, 7.375, 2.5], "texture": "#0"},
				"east": {"uv": [1, 1.5, 2, 2.5], "texture": "#0"},
				"south": {"uv": [1, 1.5, 7.375, 2.5], "texture": "#0"},
				"west": {"uv": [1, 1.5, 2, 2.5], "texture": "#0"},
				"up": {"uv": [7.375, 1, 1, 2], "texture": "#0"},
				"down": {"uv": [1, 2, 7.375, 3], "texture": "#0"}
			}
		},
		{
			"from": [0, 10, 9],
			"to": [2, 12, 11],
			"rotation": {"angle": 0, "axis": "y", "origin": [2, -13, 0]},
			"faces": {
				"east": {"uv": [7, 1.5, 8, 2.5], "texture": "#0"},
				"west": {"uv": [7.5, 1.5, 6.5, 2.5], "texture": "#0"},
				"up": {"uv": [5.5, 2.5, 6.5, 1.5], "rotation": 90, "texture": "#0"},
				"down": {"uv": [7.5, 0, 8.5, 1], "rotation": 270, "texture": "#0"}
			}
		},
		{
			"from": [9, 10, 0],
			"to": [11, 12, 2],
			"rotation": {"angle": 0, "axis": "y", "origin": [0, -13, 0]},
			"faces": {
				"north": {"uv": [7, 2, 8, 3], "texture": "#0"},
				"south": {"uv": [8, 2, 7, 3], "texture": "#0"},
				"up": {"uv": [7, 1.5, 6, 2.5], "texture": "#0"},
				"down": {"uv": [7, 2, 8, 3], "texture": "#0"}
			}
		},
		{
			"from": [-3.75, 10, 0],
			"to": [9, 12, 2],
			"rotation": {"angle": 45, "axis": "y", "origin": [9, 11, 0]},
			"faces": {
				"north": {"uv": [1, 6, 2, 12.5], "rotation": 90, "texture": "#0"},
				"east": {"uv": [2, 3, 3, 4], "texture": "#0"},
				"south": {"uv": [1.5, 1.5, 7.875, 2.5], "texture": "#0"},
				"west": {"uv": [2, 3, 3, 4], "texture": "#0"},
				"up": {"uv": [1, 6, 2, 12.375], "rotation": 90, "texture": "#0"},
				"down": {"uv": [1, 6, 2, 12.375], "rotation": 90, "texture": "#0"}
			}
		},
		{
			"from": [0, 8.5, -0.5],
			"to": [5, 13.5, 0.5],
			"rotation": {"angle": 45, "axis": "y", "origin": [9, 11, 0]},
			"faces": {
				"north": {"uv": [11, 0, 13.5, 2.5], "texture": "#0"},
				"east": {"uv": [11, 0, 11.5, 2.5], "texture": "#0"},
				"west": {"uv": [13, 0, 13.5, 2.5], "texture": "#0"},
				"up": {"uv": [11, 0, 13.5, 0.5], "texture": "#0"},
				"down": {"uv": [11, 2, 13.5, 2.5], "texture": "#0"}
			}
		},
		{
			"from": [1.5, -1, 0],
			"to": [3.5, 23, 2],
			"rotation": {"angle": 45, "axis": "y", "origin": [9, 11, 0]},
			"faces": {
				"north": {"uv": [1, 3, 2, 15], "texture": "#0"},
				"east": {"uv": [1, 3, 2, 15], "texture": "#0"},
				"south": {"uv": [1, 3, 2, 15], "texture": "#0"},
				"west": {"uv": [1, 3, 2, 15], "texture": "#0"}
			}
		},
		{
			"from": [1.5, 8, 2],
			"to": [3.5, 14, 6],
			"rotation": {"angle": 45, "axis": "y", "origin": [9, 11, 0]},
			"faces": {
				"east": {"uv": [14, 0.5, 16, 3.5], "texture": "#0"},
				"south": {"uv": [13.5, 0.5, 14.5, 3.5], "texture": "#0"},
				"west": {"uv": [16, 0.5, 14, 3.5], "texture": "#0"},
				"up": {"uv": [16, 0, 14, 1], "rotation": 90, "texture": "#0"},
				"down": {"uv": [14, 3, 16, 4], "rotation": 90, "texture": "#0"}
			}
		},
		{
			"from": [-3.25, -1, 0.5],
			"to": [8.5, 23, 1.5],
			"rotation": {"angle": 45, "axis": "y", "origin": [9, 0, 0]},
			"faces": {
				"north": {"uv": [10.125, 4, 16, 16], "texture": "#0"},
				"east": {"uv": [10.125, 4, 10.625, 16], "texture": "#0"},
				"south": {"uv": [10.125, 4, 16, 16], "texture": "#0"},
				"west": {"uv": [10.125, 4, 10.625, 16], "texture": "#0"},
				"up": {"uv": [10.125, 4, 16, 4.5], "texture": "#0"},
				"down": {"uv": [10.125, 4, 16, 4.5], "texture": "#0"}
			}
		},
		{
			"from": [9.05, -1, 0.7],
			"to": [11, 23, 1.7],
			"rotation": {"angle": 0, "axis": "y", "origin": [9, 0, 0]},
			"faces": {
				"north": {"uv": [9.5, 4, 10.475, 16], "texture": "#0"},
				"east": {"uv": [9.5, 4, 10, 16], "texture": "#0"},
				"south": {"uv": [9.5, 4, 10.475, 16], "texture": "#0"},
				"west": {"uv": [9.5, 4, 10, 16], "texture": "#0"},
				"up": {"uv": [9.5, 4, 10.475, 4.5], "texture": "#0"},
				"down": {"uv": [9.5, 4, 10.475, 4.5], "texture": "#0"}
			}
		},
		{
			"from": [0.7, -1, 8.95],
			"to": [1.7, 23, 11.2],
			"rotation": {"angle": 0, "axis": "y", "origin": [9, 0, 0]},
			"faces": {
				"north": {"uv": [9.5, 4, 10, 16], "texture": "#0"},
				"east": {"uv": [9.5, 4, 10.625, 16], "texture": "#0"},
				"south": {"uv": [9.5, 4, 10, 16], "texture": "#0"},
				"west": {"uv": [9.5, 4, 10.625, 16], "texture": "#0"},
				"up": {"uv": [9.5, 4, 10.625, 4.5], "rotation": 90, "texture": "#0"},
				"down": {"uv": [9.5, 4, 10.625, 4.5], "rotation": 270, "texture": "#0"}
			}
		}
	],
	"gui_light": "front",
	"display": {
		"thirdperson_righthand": {
			"rotation": [0, -116, 0],
			"translation": [-1.25, -4.75, 1.75],
			"scale": [0.86, 0.86, 0.86]
		},
		"thirdperson_lefthand": {
			"rotation": [0, -34, 0],
			"translation": [-1.25, -4.75, 1.75],
			"scale": [0.86, 0.86, 0.86]
		},
		"firstperson_righthand": {
			"rotation": [0, -88, 0],
			"translation": [1.25, -3, 0],
			"scale": [0.58, 0.58, 0.58]
		},
		"firstperson_lefthand": {
			"rotation": [0, 9, 0],
			"translation": [1.25, -3, 0],
			"scale": [0.58, 0.58, 0.58]
		},
		"ground": {
			"rotation": [0, 45, 0],
			"translation": [1, 0, 0],
			"scale": [0.27, 0.27, 0.27]
		},
		"gui": {
			"rotation": [0, 132, 0],
			"translation": [0, -1.75, 0],
			"scale": [0.57, 0.57, 0.57]
		},
		"head": {
			"rotation": [0, 135, 0],
			"translation": [0, -21.75, 2.25],
			"scale": [1.07, 1.07, 1.07]
		},
		"fixed": {
			"rotation": [0, -45, 0],
			"translation": [0, -3.75, 0.75]
		}
	},
	"groups": [
		{
			"name": "tower_shield",
			"origin": [9, 0, 0],
			"color": 0,
			"nbt": "{}",
			"children": [0, 1, 2, 3, 4, 5, 6, 7, 8, 9, 10, 11, 12, 13, 14, 15, 16, 17, 18, 19, 20]
		}
	]
}