{
	"credit": "Made with Blockbench",
	"parent": "iron_glaive",
	"texture_size": [32, 32],
	"textures": {
		"0": "iron_historical_weapons",
		"particle": "iron_historical_weapons"
	},
	"elements": [
		{
			"from": [7.1, 15, 7.1],
			"to": [8.9, 20.9, 8.9],
			"rotation": {"angle": 0, "axis": "y", "origin": [8, 7.4, 8]},
			"faces": {
				"north": {"uv": [2, 7.5, 3, 11], "texture": "#0"},
				"east": {"uv": [2, 7.5, 3, 11], "texture": "#0"},
				"south": {"uv": [2, 7.5, 3, 11], "texture": "#0"},
				"west": {"uv": [2, 7.5, 3, 11], "texture": "#0"}
			}
		},
		{
			"from": [7.1, -15.9, 7.1],
			"to": [8.9, 15, 8.9],
			"rotation": {"angle": 0, "axis": "y", "origin": [8, 7.4, 8]},
			"faces": {
				"north": {"uv": [1, 0, 2, 16], "texture": "#0"},
				"east": {"uv": [1, 0, 2, 16], "texture": "#0"},
				"south": {"uv": [1, 0, 2, 16], "texture": "#0"},
				"west": {"uv": [1, 0, 2, 16], "texture": "#0"},
				"down": {"uv": [1, 0, 2, 1], "texture": "#0"}
			}
		},
		{
			"from": [6.65, 19.7, 6.65],
			"to": [9.35, 21.5, 9.35],
			"rotation": {"angle": 0, "axis": "y", "origin": [8, 16.1, 8]},
			"faces": {
				"north": {"uv": [11, 5.5, 12.5, 6.5], "texture": "#0"},
				"east": {"uv": [11, 5.5, 12.5, 6.5], "texture": "#0"},
				"south": {"uv": [11, 5.5, 12.5, 6.5], "texture": "#0"},
				"west": {"uv": [11, 5.5, 12.5, 6.5], "texture": "#0"},
				"up": {"uv": [11, 6.5, 12.5, 8], "texture": "#0"},
				"down": {"uv": [11, 6.5, 12.5, 8], "texture": "#0"}
			}
		},
		{
			"from": [6.65, 14.3, 6.65],
			"to": [9.35, 16.1, 9.35],
			"rotation": {"angle": 0, "axis": "y", "origin": [8, 16.1, 8]},
			"faces": {
				"north": {"uv": [11, 3, 12.5, 4], "texture": "#0"},
				"east": {"uv": [11, 3, 12.5, 4], "texture": "#0"},
				"south": {"uv": [11, 3, 12.5, 4], "texture": "#0"},
				"west": {"uv": [11, 3, 12.5, 4], "texture": "#0"},
				"up": {"uv": [11, 4, 12.5, 5.5], "texture": "#0"},
				"down": {"uv": [11, 4, 12.5, 5.5], "texture": "#0"}
			}
		},
		{
			"from": [7.55, 16.1, 2.6],
			"to": [8.45, 23.84, 7.1],
			"rotation": {"angle": 0, "axis": "y", "origin": [8, 17, 8]},
			"faces": {
				"north": {"uv": [13.5, 3, 14, 7.3], "texture": "#0"},
				"east": {"uv": [16, 3, 13.5, 7.3], "texture": "#0"},
				"south": {"uv": [15.5, 3, 16, 7.3], "texture": "#0"},
				"west": {"uv": [13.5, 3, 16, 7.3], "texture": "#0"},
				"up": {"uv": [13.5, 3, 14, 5.5], "texture": "#0"},
				"down": {"uv": [13.5, 8, 16, 8.5], "rotation": 90, "texture": "#0"}
			}
		},
		{
			"from": [7.541, 16.091, 2.591],
			"to": [8.459, 16.909, 5.349],
			"rotation": {"angle": 22.5, "axis": "x", "origin": [8, 16.1, 2.6]},
			"faces": {
				"north": {"uv": [15.5, 3.75, 16, 4.25], "rotation": 180, "texture": "#0"},
				"east": {"uv": [15.5, 3.75, 16, 5.55], "rotation": 90, "texture": "#0"},
				"west": {"uv": [15.5, 3.75, 16, 5.55], "rotation": 270, "texture": "#0"},
				"down": {"uv": [15.5, 3.75, 16, 5.55], "rotation": 180, "texture": "#0"}
			}
		},
		{
			"from": [7.559, 12.869, 4.184],
			"to": [8.441, 16.991, 7.091],
			"rotation": {"angle": -45, "axis": "x", "origin": [8, 16.1, 5.075]},
			"faces": {
				"north": {"uv": [14.525, 6.2, 14.975, 8.5], "texture": "#0"},
				"east": {"uv": [16, 6.2, 14.525, 8.5], "texture": "#0"},
				"west": {"uv": [14.525, 6.2, 16, 8.5], "texture": "#0"}
			}
		},
		{
			"from": [7.55, 11.06, 5.075],
			"to": [8.45, 14.3, 7.1],
			"rotation": {"angle": -22.5, "axis": "x", "origin": [8, 16.1, 5.075]},
			"faces": {
				"north": {"uv": [15.5, 6.5, 16, 8.3], "texture": "#0"},
				"east": {"uv": [15, 7.05, 16, 8.5], "texture": "#0"},
				"west": {"uv": [15.025, 7.2, 16, 8.5], "texture": "#0"}
			}
		},
		{
			"from": [7.55, 26.9, 6.2],
			"to": [8.45, 29.33, 7.1],
			"rotation": {"angle": 45, "axis": "x", "origin": [8, 29.69, 7.1]},
			"faces": {
				"north": {"uv": [13.5, 3, 14, 4.35], "texture": "#0"},
				"east": {"uv": [13.5, 3, 14, 4.35], "texture": "#0"},
				"west": {"uv": [13.5, 3, 14, 4.35], "texture": "#0"},
				"up": {"uv": [13.5, 3, 14, 3.5], "texture": "#0"}
			}
		},
		{
			"from": [7.55, 26.945, 6.065],
			"to": [8.45, 29.375, 6.965],
			"rotation": {"angle": 22.5, "axis": "x", "origin": [8, 29.69, 7.1]},
			"faces": {
				"east": {"uv": [13.5, 3, 14, 4.35], "texture": "#0"},
				"south": {"uv": [13.5, 3, 14, 4.35], "texture": "#0"},
				"west": {"uv": [13.5, 3, 14, 4.35], "texture": "#0"}
			}
		},
		{
			"from": [7.541, 23.426, 4.481],
			"to": [8.459, 28.349, 6.299],
			"rotation": {"angle": 22.5, "axis": "x", "origin": [8, 28.34, 4.58]},
			"faces": {
				"north": {"uv": [13.5, 4, 14, 6.475], "texture": "#0"},
				"east": {"uv": [14.5, 4, 13.5, 6.475], "texture": "#0"},
				"west": {"uv": [13.5, 4, 14.5, 6.475], "texture": "#0"}
			}
		},
		{
			"from": [7.55, 25.54, 5.4],
			"to": [8.45, 28.79, 6.2],
			"rotation": {"angle": 0, "axis": "y", "origin": [8, 17, 8]},
			"faces": {
				"east": {"uv": [13.5, 3, 14, 5.75], "texture": "#0"},
				"south": {"uv": [13.5, 3, 14, 5.75], "texture": "#0"},
				"west": {"uv": [13.5, 3, 14, 5.75], "texture": "#0"}
			}
		},
		{
			"from": [7.56, 23.85, 4.41],
			"to": [8.44, 26.47, 7.09],
			"rotation": {"angle": -22.5, "axis": "x", "origin": [8, 23.84, 7.1]},
			"faces": {
				"east": {"uv": [15.5, 2.8, 14, 1.5], "texture": "#0"},
				"south": {"uv": [15.5, 2.8, 15, 1.5], "texture": "#0"},
				"west": {"uv": [14, 1.675, 15.5, 2.975], "texture": "#0"}
			}
		}
	],
	"gui_light": "front",
	"display": {
		"thirdperson_righthand": {
			"translation": [0, 4.25, 1.5]
		},
		"thirdperson_lefthand": {
			"translation": [0, 4.25, 1.5]
		},
		"firstperson_righthand": {
			"rotation": [-6.5, 5, 0],
			"translation": [4.25, 4.75, -5.25],
			"scale": [0.83, 0.83, 0.83]
		},
		"firstperson_lefthand": {
			"rotation": [-6.5, 5, 0],
			"translation": [4.25, 4.75, -5.25],
			"scale": [0.83, 0.83, 0.83]
		},
		"ground": {
			"rotation": [-47, 0.8, -1.89],
			"translation": [0, 1.75, 0],
			"scale": [0.25, 0.25, 0.25]
		},
		"gui": {
			"rotation": [-90, 135, 90],
			"scale": [0.43, 0.43, 0.43]
		},
		"head": {
			"rotation": [-90, -58, 90],
			"translation": [2, -14.25, 4.25],
			"scale": [1.41, 1.42, 1.42]
		},
		"fixed": {
			"rotation": [-90, -45, -90],
			"translation": [-0.25, 0, 0],
			"scale": [0.53, 0.53, 0.53]
		}
	},
	"groups": [
		{
			"name": "glaive",
			"origin": [8, 8, 8],
			"color": 0,
			"nbt": "{}",
			"children": [0, 1, 2, 3, 4, 5, 6, 7, 8, 9, 10, 11, 12]
		}
	]
}