{
    "credit": "Made with Blockbench",
    "parent": "gold_knight_helmet_3",
    "texture_size": [
        32,
        32
    ],
    "textures": {
        "0": "armor/gold/helmets/gold_knight_helmet_3",
        "particle": "armor/gold/helmets/gold_knight_helmet_3"
    },
    "elements": [
        {
            "from": [
                8,
                5,
                1.75
            ],
            "to": [
                14,
                7,
                13.75
            ],
            "rotation": {
                "angle": -45,
                "axis": "z",
                "origin": [
                    8,
                    5,
                    8
                ]
            },
            "faces": {
                "north": {
                    "uv": [
                        1,
                        3.5,
                        0,
                        0.5
                    ],
                    "rotation": 90,
                    "texture": "#0"
                },
                "east": {
                    "uv": [
                        0.5,
                        1,
                        6.5,
                        0
                    ],
                    "texture": "#0"
                },
                "south": {
                    "uv": [
                        6,
                        0.5,
                        7,
                        3.5
                    ],
                    "rotation": 90,
                    "texture": "#0"
                },
                "up": {
                    "uv": [
                        6.5,
                        0.5,
                        0.5,
                        3.5
                    ],
                    "rotation": 90,
                    "texture": "#0"
                },
                "down": {
                    "uv": [
                        0.5,
                        8,
                        6.5,
                        5
                    ],
                    "rotation": 90,
                    "texture": "#0"
                }
            }
        },
        {
            "from": [
                6,
                -1,
                1.75
            ],
            "to": [
                8,
                7,
                13.75
            ],
            "rotation": {
                "angle": -45,
                "axis": "z",
                "origin": [
                    8,
                    5,
                    8
                ]
            },
            "faces": {
                "north": {
                    "uv": [
                        7,
                        4.5,
                        8,
                        0.5
                    ],
                    "texture": "#0"
                },
                "east": {
                    "uv": [
                        0.5,
                        4,
                        6.5,
                        8
                    ],
                    "texture": "#0"
                },
                "south": {
                    "uv": [
                        8,
                        4.5,
                        7,
                        0.5
                    ],
                    "texture": "#0"
                },
                "west": {
                    "uv": [
                        0.5,
                        4.5,
                        6.5,
                        0.5
                    ],
                    "texture": "#0"
                },
                "up": {
                    "uv": [
                        0.5,
                        4.5,
                        6.5,
                        3.5
                    ],
                    "rotation": 90,
                    "texture": "#0"
                },
                "down": {
                    "uv": [
                        0.5,
                        0,
                        6.5,
                        1
                    ],
                    "rotation": 90,
                    "texture": "#0"
                }
            }
        },
        {
            "from": [
                6.99,
                9.2,
                7.34
            ],
            "to": [
                9.01,
                11.2,
                12.75
            ],
            "rotation": {
                "angle": 22.5,
                "axis": "x",
                "origin": [
                    8,
                    11.2,
                    12.75
                ]
            },
            "faces": {
                "east": {
                    "uv": [
                        16,
                        4.5,
                        13.3,
                        5.5
                    ],
                    "texture": "#0"
                },
                "west": {
                    "uv": [
                        12.8,
                        4.5,
                        15.5,
                        5.5
                    ],
                    "texture": "#0"
                },
                "up": {
                    "uv": [
                        13.3,
                        0,
                        16,
                        1.01
                    ],
                    "rotation": 90,
                    "texture": "#0"
                }
            }
        },
        {
            "from": [
                6.995,
                9.2,
                2.75
            ],
            "to": [
                9.025,
                11.2,
                8.16
            ],
            "rotation": {
                "angle": -22.5,
                "axis": "x",
                "origin": [
                    8,
                    11.2,
                    2.75
                ]
            },
            "faces": {
                "east": {
                    "uv": [
                        13,
                        4.5,
                        10.3,
                        5.5
                    ],
                    "texture": "#0"
                },
                "west": {
                    "uv": [
                        11.5,
                        4.5,
                        14.2,
                        5.5
                    ],
                    "texture": "#0"
                },
                "up": {
                    "uv": [
                        10.3,
                        0,
                        13,
                        1.01
                    ],
                    "rotation": 90,
                    "texture": "#0"
                }
            }
        },
        {
            "from": [
                7,
                6.2,
                2.75
            ],
            "to": [
                9,
                11.2,
                12.75
            ],
            "rotation": {
                "angle": 0,
                "axis": "y",
                "origin": [
                    8,
                    5,
                    7.95
                ]
            },
            "faces": {
                "north": {
                    "uv": [
                        11,
                        4.5,
                        10,
                        2
                    ],
                    "rotation": 180,
                    "texture": "#0"
                },
                "east": {
                    "uv": [
                        10.5,
                        2,
                        15.5,
                        4.5
                    ],
                    "texture": "#0"
                },
                "south": {
                    "uv": [
                        15,
                        2,
                        16,
                        4.5
                    ],
                    "texture": "#0"
                },
                "west": {
                    "uv": [
                        15.5,
                        2,
                        10.5,
                        4.5
                    ],
                    "texture": "#0"
                }
            }
        },
        {
            "from": [
                7,
                11.2,
                5.25
            ],
            "to": [
                9,
                12.2,
                10.25
            ],
            "rotation": {
                "angle": 0,
                "axis": "y",
                "origin": [
                    8,
                    5,
                    7.95
                ]
            },
            "faces": {
                "east": {
                    "uv": [
                        12,
                        1.5,
                        14,
                        2
                    ],
                    "texture": "#0"
                },
                "west": {
                    "uv": [
                        12,
                        1.5,
                        14,
                        2
                    ],
                    "texture": "#0"
                }
            }
        },
        {
            "from": [
                4,
                1,
                4
            ],
            "to": [
                12,
                9,
                12
            ],
            "rotation": {
                "angle": -22.5,
                "axis": "x",
                "origin": [
                    8,
                    5,
                    8
                ]
            },
            "faces": {
                "north": {
                    "uv": [
                        0,
                        12,
                        4,
                        16
                    ],
                    "texture": "#0"
                },
                "east": {
                    "uv": [
                        8,
                        12,
                        4,
                        16
                    ],
                    "texture": "#0"
                },
                "south": {
                    "uv": [
                        4,
                        8,
                        8,
                        12
                    ],
                    "texture": "#0"
                },
                "west": {
                    "uv": [
                        4,
                        12,
                        8,
                        16
                    ],
                    "texture": "#0"
                },
                "up": {
                    "uv": [
                        0,
                        12,
                        4,
                        8
                    ],
                    "texture": "#0"
                }
            }
        }
    ],
    "display": {
        "thirdperson_righthand": {
            "rotation": [
                30.75,
                45,
                0
            ],
            "translation": [
                0,
                2.5,
                0
            ],
            "scale": [
                0.375,
                0.375,
                0.375
            ]
        },
        "thirdperson_lefthand": {
            "rotation": [
                30.75,
                45,
                0
            ],
            "translation": [
                0,
                2.5,
                0
            ],
            "scale": [
                0.375,
                0.375,
                0.375
            ]
        },
        "firstperson_righthand": {
            "rotation": [
                35,
                225,
                26
            ],
            "scale": [
                0.4,
                0.4,
                0.4
            ]
        },
        "firstperson_lefthand": {
            "rotation": [
                35,
                225,
                26
            ],
            "scale": [
                0.4,
                0.4,
                0.4
            ]
        },
        "ground": {
            "rotation": [
                24,
                0,
                0
            ],
            "translation": [
                0,
                3,
                0
            ],
            "scale": [
                0.25,
                0.25,
                0.25
            ]
        },
        "gui": {
            "rotation": [
                170.4,
                -47.94,
                155.51
            ],
            "translation": [
                -0.25,
                1,
                0
            ],
            "scale": [
                0.85,
                0.85,
                0.85
            ]
        },
        "head": {
            "rotation": [
                22.5,
                0,
                0
            ],
            "translation": [
                0,
                6.5,
                2
            ],
            "scale": [
                1.9500000000000002,
                1.9500000000000002,
                1.9500000000000002
            ]
        },
        "fixed": {
            "rotation": [
                22.5,
                0,
                0
            ]
        }
    },
    "groups": [
        {
            "name": "knight_helmet",
            "origin": [
                8,
                4,
                8
            ],
            "color": 0,
            "nbt": "{}",
            "children": [
                0,
                1,
                2,
                3,
                4,
                5,
                6
            ]
        }
    ]
}