{
    "credit": "Made with Blockbench",
    "parent": "gold_knight_helmet_1",
    "texture_size": [
        32,
        32
    ],
    "textures": {
        "0": "armor/gold/helmets/gold_knight_helmet_1",
        "1": "armor/gold/helmets/blue_feathers",
        "particle": "armor/gold/helmets/gold_knight_helmet_1"
    },
    "elements": [
        {
            "from": [
                4,
                -1,
                4
            ],
            "to": [
                12,
                9,
                12
            ],
            "rotation": {
                "angle": 0,
                "axis": "y",
                "origin": [
                    8,
                    0,
                    9
                ]
            },
            "faces": {
                "north": {
                    "uv": [
                        4,
                        11,
                        8,
                        16
                    ],
                    "texture": "#0"
                },
                "east": {
                    "uv": [
                        0,
                        11,
                        4,
                        16
                    ],
                    "texture": "#0"
                },
                "south": {
                    "uv": [
                        8,
                        11,
                        12,
                        16
                    ],
                    "texture": "#0"
                },
                "west": {
                    "uv": [
                        4,
                        11,
                        0,
                        16
                    ],
                    "texture": "#0"
                },
                "up": {
                    "uv": [
                        4,
                        11,
                        0,
                        7
                    ],
                    "texture": "#0"
                }
            }
        },
        {
            "from": [
                3.8,
                -1.3,
                3.8
            ],
            "to": [
                12.2,
                9.1,
                12.2
            ],
            "rotation": {
                "angle": 0,
                "axis": "y",
                "origin": [
                    8,
                    0,
                    9
                ]
            },
            "faces": {
                "east": {
                    "uv": [
                        8,
                        6,
                        12,
                        11
                    ],
                    "texture": "#0"
                },
                "south": {
                    "uv": [
                        4,
                        6,
                        8,
                        11
                    ],
                    "texture": "#0"
                },
                "west": {
                    "uv": [
                        12,
                        6,
                        8,
                        11
                    ],
                    "texture": "#0"
                },
                "up": {
                    "uv": [
                        4,
                        11,
                        0,
                        7
                    ],
                    "texture": "#0"
                }
            }
        },
        {
            "from": [
                6.5,
                9.25,
                9.8
            ],
            "to": [
                9.5,
                12.25,
                12.8
            ],
            "rotation": {
                "angle": 22.5,
                "axis": "x",
                "origin": [
                    8,
                    11,
                    11
                ]
            },
            "faces": {
                "north": {
                    "uv": [
                        6.5,
                        1.5,
                        8,
                        3
                    ],
                    "texture": "#0"
                },
                "east": {
                    "uv": [
                        5,
                        1.5,
                        6.5,
                        3
                    ],
                    "texture": "#0"
                },
                "south": {
                    "uv": [
                        6.5,
                        0,
                        8,
                        1.5
                    ],
                    "texture": "#0"
                },
                "west": {
                    "uv": [
                        5,
                        1.5,
                        6.5,
                        3
                    ],
                    "texture": "#0"
                },
                "up": {
                    "uv": [
                        6.5,
                        1.5,
                        5,
                        0
                    ],
                    "texture": "#0"
                }
            }
        },
        {
            "from": [
                4.5,
                11.3,
                11.8
            ],
            "to": [
                11.5,
                17.3,
                11.8
            ],
            "rotation": {
                "angle": 0,
                "axis": "y",
                "origin": [
                    8,
                    11,
                    12
                ]
            },
            "faces": {
                "north": {
                    "uv": [
                        4.5,
                        5,
                        8,
                        8
                    ],
                    "texture": "#1"
                },
                "south": {
                    "uv": [
                        4.5,
                        5,
                        8,
                        8
                    ],
                    "texture": "#1"
                }
            }
        },
        {
            "from": [
                4.5,
                17.75,
                13.8
            ],
            "to": [
                11.5,
                23.75,
                13.8
            ],
            "rotation": {
                "angle": -22.5,
                "axis": "x",
                "origin": [
                    8,
                    12.5,
                    14
                ]
            },
            "faces": {
                "north": {
                    "uv": [
                        4.5,
                        2.5,
                        8,
                        5.5
                    ],
                    "texture": "#1"
                },
                "south": {
                    "uv": [
                        4.5,
                        2.5,
                        8,
                        5.5
                    ],
                    "texture": "#1"
                }
            }
        },
        {
            "from": [
                4.5,
                23.75,
                7.8
            ],
            "to": [
                11.5,
                23.75,
                13.8
            ],
            "rotation": {
                "angle": -22.5,
                "axis": "x",
                "origin": [
                    8,
                    12.5,
                    14
                ]
            },
            "faces": {
                "up": {
                    "uv": [
                        4.5,
                        0,
                        8,
                        3
                    ],
                    "texture": "#1"
                },
                "down": {
                    "uv": [
                        4.5,
                        0,
                        8,
                        3
                    ],
                    "rotation": 180,
                    "texture": "#1"
                }
            }
        },
        {
            "from": [
                4.5,
                20.75,
                8.8
            ],
            "to": [
                4.5,
                23.75,
                13.8
            ],
            "rotation": {
                "angle": -22.5,
                "axis": "x",
                "origin": [
                    8,
                    12.5,
                    14
                ]
            },
            "faces": {
                "east": {
                    "uv": [
                        3,
                        7.5,
                        0.5,
                        9
                    ],
                    "texture": "#1"
                },
                "west": {
                    "uv": [
                        0.5,
                        7.5,
                        3,
                        9
                    ],
                    "texture": "#1"
                }
            }
        },
        {
            "from": [
                5.5,
                17.52101,
                3.96676
            ],
            "to": [
                10.5,
                20.52101,
                3.96676
            ],
            "rotation": {
                "angle": 0,
                "axis": "y",
                "origin": [
                    8,
                    12.5,
                    14
                ]
            },
            "faces": {
                "north": {
                    "uv": [
                        0.5,
                        9,
                        3,
                        10.5
                    ],
                    "texture": "#1"
                },
                "south": {
                    "uv": [
                        0.5,
                        9,
                        3,
                        10.5
                    ],
                    "texture": "#1"
                }
            }
        },
        {
            "from": [
                11.5,
                20.75,
                8.8
            ],
            "to": [
                11.5,
                23.75,
                13.8
            ],
            "rotation": {
                "angle": -22.5,
                "axis": "x",
                "origin": [
                    8,
                    12.5,
                    14
                ]
            },
            "faces": {
                "east": {
                    "uv": [
                        3,
                        7.5,
                        0.5,
                        9
                    ],
                    "texture": "#1"
                },
                "west": {
                    "uv": [
                        0.5,
                        7.5,
                        3,
                        9
                    ],
                    "texture": "#1"
                }
            }
        },
        {
            "from": [
                5,
                9,
                5
            ],
            "to": [
                11,
                11,
                11
            ],
            "rotation": {
                "angle": 0,
                "axis": "y",
                "origin": [
                    8,
                    0,
                    9
                ]
            },
            "faces": {
                "east": {
                    "uv": [
                        0,
                        4,
                        3,
                        5
                    ],
                    "texture": "#0"
                },
                "south": {
                    "uv": [
                        0,
                        3,
                        3,
                        4
                    ],
                    "texture": "#0"
                },
                "west": {
                    "uv": [
                        0,
                        4,
                        3,
                        5
                    ],
                    "texture": "#0"
                },
                "up": {
                    "uv": [
                        3,
                        3,
                        0,
                        0
                    ],
                    "texture": "#0"
                }
            }
        },
        {
            "from": [
                7.75,
                9,
                5
            ],
            "to": [
                11,
                11.01,
                7
            ],
            "rotation": {
                "angle": -22.5,
                "axis": "y",
                "origin": [
                    11,
                    11,
                    5
                ]
            },
            "faces": {
                "north": {
                    "uv": [
                        4.5,
                        1,
                        3,
                        2.005
                    ],
                    "texture": "#0"
                },
                "up": {
                    "uv": [
                        3,
                        1,
                        4.5,
                        0
                    ],
                    "texture": "#0"
                }
            }
        },
        {
            "from": [
                5,
                9,
                5
            ],
            "to": [
                8.25,
                11.01,
                7
            ],
            "rotation": {
                "angle": 22.5,
                "axis": "y",
                "origin": [
                    5,
                    11,
                    5
                ]
            },
            "faces": {
                "north": {
                    "uv": [
                        3,
                        1,
                        4.5,
                        2.005
                    ],
                    "texture": "#0"
                },
                "up": {
                    "uv": [
                        4.5,
                        1,
                        3,
                        0
                    ],
                    "texture": "#0"
                }
            }
        },
        {
            "from": [
                7.67,
                -1,
                4
            ],
            "to": [
                12,
                9.01,
                6
            ],
            "rotation": {
                "angle": -22.5,
                "axis": "y",
                "origin": [
                    12,
                    7,
                    4
                ]
            },
            "faces": {
                "north": {
                    "uv": [
                        14,
                        1,
                        16,
                        6
                    ],
                    "texture": "#0"
                },
                "up": {
                    "uv": [
                        16,
                        1,
                        14,
                        0
                    ],
                    "texture": "#0"
                },
                "down": {
                    "uv": [
                        14,
                        0,
                        12,
                        1
                    ],
                    "texture": "#0"
                }
            }
        },
        {
            "from": [
                4,
                -1,
                4
            ],
            "to": [
                8.33,
                9.01,
                6
            ],
            "rotation": {
                "angle": 22.5,
                "axis": "y",
                "origin": [
                    4,
                    7,
                    4
                ]
            },
            "faces": {
                "north": {
                    "uv": [
                        16,
                        1,
                        14,
                        6
                    ],
                    "texture": "#0"
                },
                "up": {
                    "uv": [
                        14,
                        1,
                        16,
                        0
                    ],
                    "texture": "#0"
                }
            }
        },
        {
            "from": [
                3.9,
                -1.2,
                3.75
            ],
            "to": [
                8.432,
                9.11,
                6.2
            ],
            "rotation": {
                "angle": 22.5,
                "axis": "y",
                "origin": [
                    4,
                    7,
                    4
                ]
            },
            "faces": {
                "north": {
                    "uv": [
                        16,
                        11,
                        14,
                        16
                    ],
                    "texture": "#0"
                },
                "up": {
                    "uv": [
                        14,
                        1,
                        16,
                        0
                    ],
                    "texture": "#0"
                }
            }
        },
        {
            "from": [
                7.55,
                -1.2,
                3.75
            ],
            "to": [
                12.11,
                9.11,
                6.2
            ],
            "rotation": {
                "angle": -22.5,
                "axis": "y",
                "origin": [
                    12,
                    7,
                    4
                ]
            },
            "faces": {
                "north": {
                    "uv": [
                        14,
                        6,
                        16,
                        11
                    ],
                    "texture": "#0"
                },
                "up": {
                    "uv": [
                        16,
                        1,
                        14,
                        0
                    ],
                    "texture": "#0"
                }
            }
        }
    ],
    "display": {
        "thirdperson_righthand": {
            "rotation": [
                75,
                45,
                0
            ],
            "translation": [
                0,
                2.5,
                0
            ],
            "scale": [
                0.375,
                0.375,
                0.375
            ]
        },
        "thirdperson_lefthand": {
            "rotation": [
                75,
                45,
                0
            ],
            "translation": [
                0,
                2.5,
                0
            ],
            "scale": [
                0.375,
                0.375,
                0.375
            ]
        },
        "firstperson_righthand": {
            "rotation": [
                0,
                225,
                0
            ],
            "scale": [
                0.4,
                0.4,
                0.4
            ]
        },
        "firstperson_lefthand": {
            "rotation": [
                0,
                225,
                0
            ],
            "scale": [
                0.4,
                0.4,
                0.4
            ]
        },
        "ground": {
            "translation": [
                0,
                3,
                0
            ],
            "scale": [
                0.25,
                0.25,
                0.25
            ]
        },
        "gui": {
            "rotation": [
                30,
                225,
                0
            ],
            "translation": [
                0,
                -1.5,
                0
            ],
            "scale": [
                0.66,
                0.66,
                0.66
            ]
        },
        "head": {
            "translation": [
                0,
                6,
                0
            ],
            "scale": [
                1.9000000000000001,
                1.9000000000000001,
                1.9000000000000001
            ]
        },
        "fixed": {
            "translation": [
                0,
                2.75,
                0
            ]
        }
    },
    "groups": [
        {
            "name": "knight_helmet",
            "origin": [
                8,
                8,
                8
            ],
            "color": 0,
            "nbt": "{}",
            "children": [
                0,
                1,
                2,
                {
                    "name": "feathers",
                    "origin": [
                        8,
                        12.5,
                        14
                    ],
                    "color": 0,
                    "nbt": "{}",
                    "children": [
                        3,
                        4,
                        5,
                        6,
                        7,
                        8
                    ]
                },
                9,
                10,
                11,
                12,
                13,
                14,
                15
            ]
        }
    ]
}