{
    "credit": "Made with Blockbench",
    "parent": "netherite_knight_helmet_7",
    "texture_size": [
        32,
        32
    ],
    "textures": {
        "0": "armor/netherite/helmets/netherite_knight_helmet_7",
        "particle": "armor/netherite/helmets/netherite_knight_helmet_7"
    },
    "elements": [
        {
            "from": [
                4,
                -2,
                4
            ],
            "to": [
                12,
                5,
                8
            ],
            "rotation": {
                "angle": 0,
                "axis": "y",
                "origin": [
                    8,
                    0,
                    8
                ]
            },
            "faces": {
                "east": {
                    "uv": [
                        0,
                        12.5,
                        2,
                        16
                    ],
                    "texture": "#0"
                },
                "west": {
                    "uv": [
                        2,
                        12.5,
                        0,
                        16
                    ],
                    "texture": "#0"
                },
                "up": {
                    "uv": [
                        6,
                        12,
                        2,
                        14
                    ],
                    "texture": "#0"
                },
                "down": {
                    "uv": [
                        2,
                        14,
                        6,
                        16
                    ],
                    "texture": "#0"
                }
            }
        },
        {
            "from": [
                6.25,
                -2,
                3.25
            ],
            "to": [
                9.5,
                5,
                4
            ],
            "rotation": {
                "angle": 0,
                "axis": "y",
                "origin": [
                    8,
                    0,
                    8
                ]
            },
            "faces": {
                "up": {
                    "uv": [
                        3,
                        12,
                        4,
                        12.5
                    ],
                    "texture": "#0"
                },
                "down": {
                    "uv": [
                        4,
                        10.5,
                        5.5,
                        11
                    ],
                    "texture": "#0"
                }
            }
        },
        {
            "from": [
                3.99,
                3.1,
                3.35
            ],
            "to": [
                12.01,
                6.1,
                12.35
            ],
            "rotation": {
                "angle": 22.5,
                "axis": "x",
                "origin": [
                    8,
                    0,
                    8
                ]
            },
            "faces": {
                "north": {
                    "uv": [
                        12.5,
                        7,
                        8.5,
                        8.5
                    ],
                    "texture": "#0"
                },
                "east": {
                    "uv": [
                        4,
                        7,
                        8.5,
                        8.5
                    ],
                    "texture": "#0"
                },
                "south": {
                    "uv": [
                        0,
                        7,
                        4,
                        8.5
                    ],
                    "texture": "#0"
                },
                "west": {
                    "uv": [
                        8.5,
                        7,
                        4,
                        8.5
                    ],
                    "texture": "#0"
                },
                "up": {
                    "uv": [
                        12,
                        16,
                        16,
                        11.5
                    ],
                    "texture": "#0"
                }
            }
        },
        {
            "from": [
                3.99,
                -1.9,
                5.35
            ],
            "to": [
                12.01,
                3.1,
                12.35
            ],
            "rotation": {
                "angle": 22.5,
                "axis": "x",
                "origin": [
                    8,
                    0,
                    8
                ]
            },
            "faces": {
                "east": {
                    "uv": [
                        4,
                        8.5,
                        7.5,
                        11
                    ],
                    "texture": "#0"
                },
                "south": {
                    "uv": [
                        0,
                        8.5,
                        4,
                        11
                    ],
                    "texture": "#0"
                },
                "west": {
                    "uv": [
                        7.5,
                        8.5,
                        4,
                        11
                    ],
                    "texture": "#0"
                },
                "down": {
                    "uv": [
                        8,
                        12.5,
                        12,
                        16
                    ],
                    "texture": "#0"
                }
            }
        },
        {
            "from": [
                3.69,
                -2.2,
                3.05
            ],
            "to": [
                12.31,
                6.4,
                12.65
            ],
            "rotation": {
                "angle": 22.5,
                "axis": "x",
                "origin": [
                    8,
                    0,
                    8
                ]
            },
            "faces": {
                "north": {
                    "uv": [
                        6.01,
                        3,
                        2,
                        7
                    ],
                    "texture": "#0"
                },
                "south": {
                    "uv": [
                        5,
                        3,
                        9.01,
                        7
                    ],
                    "texture": "#0"
                },
                "up": {
                    "uv": [
                        8,
                        2.5,
                        12,
                        7
                    ],
                    "texture": "#0"
                }
            }
        },
        {
            "from": [
                4,
                -2.01,
                4
            ],
            "to": [
                8.33,
                5.01,
                6
            ],
            "rotation": {
                "angle": 22.5,
                "axis": "y",
                "origin": [
                    4,
                    7,
                    4
                ]
            },
            "faces": {
                "north": {
                    "uv": [
                        14,
                        1,
                        16,
                        4.5
                    ],
                    "texture": "#0"
                },
                "up": {
                    "uv": [
                        14,
                        5.5,
                        16,
                        4.5
                    ],
                    "texture": "#0"
                },
                "down": {
                    "uv": [
                        12,
                        0,
                        14,
                        1
                    ],
                    "texture": "#0"
                }
            }
        },
        {
            "from": [
                7.67,
                -2.01,
                4
            ],
            "to": [
                12,
                5.01,
                6
            ],
            "rotation": {
                "angle": -22.5,
                "axis": "y",
                "origin": [
                    12,
                    7,
                    4
                ]
            },
            "faces": {
                "north": {
                    "uv": [
                        12,
                        1,
                        14,
                        4.5
                    ],
                    "texture": "#0"
                },
                "up": {
                    "uv": [
                        16,
                        1,
                        14,
                        0
                    ],
                    "texture": "#0"
                },
                "down": {
                    "uv": [
                        14,
                        0,
                        12,
                        1
                    ],
                    "texture": "#0"
                }
            }
        }
    ],
    "display": {
        "thirdperson_righthand": {
            "rotation": [
                23.5,
                45,
                0
            ],
            "translation": [
                0,
                2.5,
                0
            ],
            "scale": [
                0.375,
                0.375,
                0.375
            ]
        },
        "thirdperson_lefthand": {
            "rotation": [
                23.5,
                45,
                0
            ],
            "translation": [
                0,
                2.5,
                0
            ],
            "scale": [
                0.375,
                0.375,
                0.375
            ]
        },
        "firstperson_righthand": {
            "rotation": [
                0,
                45,
                0
            ],
            "scale": [
                0.4,
                0.4,
                0.4
            ]
        },
        "firstperson_lefthand": {
            "rotation": [
                0,
                225,
                0
            ],
            "scale": [
                0.4,
                0.4,
                0.4
            ]
        },
        "ground": {
            "rotation": [
                -21.27,
                -0.3,
                2.89
            ],
            "translation": [
                0,
                3,
                0
            ],
            "scale": [
                0.25,
                0.25,
                0.25
            ]
        },
        "gui": {
            "rotation": [
                -125.39,
                -35.92,
                -163.42
            ],
            "translation": [
                1.75,
                3.75,
                0
            ],
            "scale": [
                0.85,
                0.85,
                0.85
            ]
        },
        "head": {
            "rotation": [
                -14,
                0,
                0
            ],
            "translation": [
                0,
                10.25,
                -4
            ],
            "scale": [
                1.9100000000000001,
                1.9100000000000001,
                1.9100000000000001
            ]
        },
        "fixed": {
            "scale": [
                0.5,
                0.5,
                0.5
            ]
        }
    },
    "groups": [
        {
            "name": "knight_helmet_7",
            "origin": [
                8,
                0,
                8
            ],
            "color": 0,
            "nbt": "{}",
            "children": [
                0,
                1,
                2,
                3,
                4,
                5,
                6
            ]
        }
    ]
}