{
    "credit": "Made with Blockbench",
    "parent": "netherite_knight_helmet_4",
    "texture_size": [
        32,
        32
    ],
    "textures": {
        "0": "armor/netherite/helmets/netherite_knight_helmet_4",
        "particle": "armor/netherite/helmets/netherite_knight_helmet_4"
    },
    "elements": [
        {
            "from": [
                4,
                0,
                4
            ],
            "to": [
                12,
                8,
                12
            ],
            "rotation": {
                "angle": 0,
                "axis": "y",
                "origin": [
                    8,
                    0,
                    8
                ]
            },
            "faces": {
                "north": {
                    "uv": [
                        4,
                        4,
                        8,
                        8
                    ],
                    "texture": "#0"
                },
                "east": {
                    "uv": [
                        0,
                        4,
                        4,
                        8
                    ],
                    "texture": "#0"
                },
                "south": {
                    "uv": [
                        4,
                        0,
                        8,
                        4
                    ],
                    "texture": "#0"
                },
                "west": {
                    "uv": [
                        4,
                        4,
                        0,
                        8
                    ],
                    "texture": "#0"
                },
                "up": {
                    "uv": [
                        0,
                        4,
                        4,
                        0
                    ],
                    "texture": "#0"
                },
                "down": {
                    "uv": [
                        7,
                        8,
                        11,
                        12
                    ],
                    "texture": "#0"
                }
            }
        },
        {
            "from": [
                3.8,
                -0.2,
                3.8
            ],
            "to": [
                12.2,
                8.2,
                12.2
            ],
            "rotation": {
                "angle": 0,
                "axis": "y",
                "origin": [
                    8,
                    0,
                    8
                ]
            },
            "faces": {
                "north": {
                    "uv": [
                        12,
                        4,
                        16,
                        8
                    ],
                    "texture": "#0"
                },
                "east": {
                    "uv": [
                        8,
                        4,
                        12,
                        8
                    ],
                    "texture": "#0"
                },
                "south": {
                    "uv": [
                        12,
                        0,
                        16,
                        4
                    ],
                    "texture": "#0"
                },
                "west": {
                    "uv": [
                        12,
                        4,
                        8,
                        8
                    ],
                    "texture": "#0"
                },
                "up": {
                    "uv": [
                        12,
                        0,
                        8,
                        4
                    ],
                    "texture": "#0"
                }
            }
        },
        {
            "from": [
                1.99,
                2.23,
                4.94
            ],
            "to": [
                14.01,
                4.23,
                8.94
            ],
            "rotation": {
                "angle": 0,
                "axis": "y",
                "origin": [
                    8,
                    0,
                    9.1
                ]
            },
            "faces": {
                "north": {
                    "uv": [
                        6,
                        15,
                        12,
                        16
                    ],
                    "texture": "#0"
                },
                "east": {
                    "uv": [
                        2.5,
                        12.5,
                        0.5,
                        13.5
                    ],
                    "texture": "#0"
                },
                "west": {
                    "uv": [
                        0.5,
                        12.5,
                        2.5,
                        13.5
                    ],
                    "texture": "#0"
                },
                "up": {
                    "uv": [
                        6,
                        16,
                        0,
                        14
                    ],
                    "texture": "#0"
                },
                "down": {
                    "uv": [
                        0,
                        14,
                        6,
                        16
                    ],
                    "texture": "#0"
                }
            }
        },
        {
            "from": [
                2,
                2,
                8.1
            ],
            "to": [
                14,
                4,
                15.1
            ],
            "rotation": {
                "angle": 22.5,
                "axis": "x",
                "origin": [
                    8,
                    2,
                    9.1
                ]
            },
            "faces": {
                "east": {
                    "uv": [
                        0,
                        9,
                        1,
                        12.5
                    ],
                    "rotation": 90,
                    "texture": "#0"
                },
                "south": {
                    "uv": [
                        1,
                        8,
                        7,
                        9
                    ],
                    "texture": "#0"
                },
                "west": {
                    "uv": [
                        0,
                        12.5,
                        1,
                        9
                    ],
                    "rotation": 90,
                    "texture": "#0"
                },
                "up": {
                    "uv": [
                        1,
                        9,
                        7,
                        12.5
                    ],
                    "texture": "#0"
                },
                "down": {
                    "uv": [
                        1,
                        12.5,
                        7,
                        9
                    ],
                    "texture": "#0"
                }
            }
        },
        {
            "from": [
                7.67,
                -0.01,
                4
            ],
            "to": [
                12,
                3.91,
                6
            ],
            "rotation": {
                "angle": -22.5,
                "axis": "y",
                "origin": [
                    12,
                    6.9,
                    4
                ]
            },
            "faces": {
                "north": {
                    "uv": [
                        14,
                        14,
                        12,
                        16
                    ],
                    "texture": "#0"
                },
                "up": {
                    "uv": [
                        12,
                        14,
                        14,
                        13
                    ],
                    "texture": "#0"
                },
                "down": {
                    "uv": [
                        10,
                        13,
                        12,
                        14
                    ],
                    "texture": "#0"
                }
            }
        },
        {
            "from": [
                4,
                -0.01,
                4
            ],
            "to": [
                8.33,
                3.91,
                6
            ],
            "rotation": {
                "angle": 22.5,
                "axis": "y",
                "origin": [
                    4,
                    6.9,
                    4
                ]
            },
            "faces": {
                "north": {
                    "uv": [
                        12,
                        14,
                        14,
                        16
                    ],
                    "texture": "#0"
                },
                "up": {
                    "uv": [
                        14,
                        14,
                        12,
                        13
                    ],
                    "texture": "#0"
                },
                "down": {
                    "uv": [
                        12,
                        13,
                        10,
                        14
                    ],
                    "texture": "#0"
                }
            }
        },
        {
            "from": [
                7.55,
                -0.3,
                3.75
            ],
            "to": [
                12.11,
                4.01,
                6.2
            ],
            "rotation": {
                "angle": -22.5,
                "axis": "y",
                "origin": [
                    12,
                    6.9,
                    4
                ]
            },
            "faces": {
                "north": {
                    "uv": [
                        16,
                        14,
                        14,
                        16
                    ],
                    "texture": "#0"
                },
                "up": {
                    "uv": [
                        14,
                        14,
                        16,
                        13
                    ],
                    "texture": "#0"
                }
            }
        },
        {
            "from": [
                3.9,
                -0.3,
                3.75
            ],
            "to": [
                8.432,
                4.01,
                6.2
            ],
            "rotation": {
                "angle": 22.5,
                "axis": "y",
                "origin": [
                    4,
                    6.9,
                    4
                ]
            },
            "faces": {
                "north": {
                    "uv": [
                        14,
                        14,
                        16,
                        16
                    ],
                    "texture": "#0"
                },
                "up": {
                    "uv": [
                        16,
                        14,
                        14,
                        13
                    ],
                    "texture": "#0"
                }
            }
        }
    ],
    "display": {
        "thirdperson_righthand": {
            "rotation": [
                75,
                45,
                0
            ],
            "translation": [
                0,
                2.5,
                0
            ],
            "scale": [
                0.375,
                0.375,
                0.375
            ]
        },
        "thirdperson_lefthand": {
            "rotation": [
                75,
                45,
                0
            ],
            "translation": [
                0,
                2.5,
                0
            ],
            "scale": [
                0.375,
                0.375,
                0.375
            ]
        },
        "firstperson_righthand": {
            "rotation": [
                0,
                45,
                0
            ],
            "scale": [
                0.4,
                0.4,
                0.4
            ]
        },
        "firstperson_lefthand": {
            "rotation": [
                0,
                225,
                0
            ],
            "scale": [
                0.4,
                0.4,
                0.4
            ]
        },
        "ground": {
            "translation": [
                0,
                3,
                0
            ],
            "scale": [
                0.25,
                0.25,
                0.25
            ]
        },
        "gui": {
            "rotation": [
                30,
                225,
                0
            ],
            "translation": [
                0,
                2.5,
                0
            ],
            "scale": [
                0.85,
                0.85,
                0.85
            ]
        },
        "head": {
            "translation": [
                0,
                7,
                0
            ],
            "scale": [
                1.86,
                1.86,
                1.86
            ]
        },
        "fixed": {
            "translation": [
                0,
                3.5,
                0
            ],
            "scale": [
                0.81,
                0.81,
                0.81
            ]
        }
    },
    "groups": [
        {
            "name": "knight_helmet_4",
            "origin": [
                8,
                8,
                8
            ],
            "color": 0,
            "nbt": "{}",
            "children": [
                0,
                1,
                2,
                3,
                4,
                5,
                6,
                7
            ]
        }
    ]
}