{
	"credit": "Made with Blockbench",
	"parent": "gold_spear",
	"texture_size": [32, 32],
	"textures": {
		"0": "gold_historical_weapons",
		"particle": "gold_historical_weapons"
	},
	"elements": [
		{
			"from": [6.65, 20.9, 6.65],
			"to": [9.35, 21.8, 9.35],
			"rotation": {"angle": 0, "axis": "y", "origin": [8, 8.3, 8]},
			"faces": {
				"north": {"uv": [11, 3, 12.5, 3.5], "texture": "#0"},
				"east": {"uv": [11, 3, 12.5, 3.5], "texture": "#0"},
				"south": {"uv": [11, 3, 12.5, 3.5], "texture": "#0"},
				"west": {"uv": [11, 3, 12.5, 3.5], "texture": "#0"},
				"up": {"uv": [11, 4, 12.5, 5.5], "texture": "#0"},
				"down": {"uv": [11, 4, 12.5, 5.5], "texture": "#0"}
			}
		},
		{
			"from": [7.1, 15, 7.1],
			"to": [8.9, 25.9, 8.9],
			"rotation": {"angle": 0, "axis": "y", "origin": [8, 7.4, 8]},
			"faces": {
				"north": {"uv": [4, 0, 5, 6.5], "texture": "#0"},
				"east": {"uv": [4, 0, 5, 6.5], "texture": "#0"},
				"south": {"uv": [4, 0, 5, 6.5], "texture": "#0"},
				"west": {"uv": [4, 0, 5, 6.5], "texture": "#0"},
				"up": {"uv": [4, 2.5, 5, 1.5], "texture": "#0"}
			}
		},
		{
			"from": [7.1, -15.9, 7.1],
			"to": [8.9, 15, 8.9],
			"rotation": {"angle": 0, "axis": "y", "origin": [8, 7.4, 8]},
			"faces": {
				"north": {"uv": [0, 0, 1, 16], "texture": "#0"},
				"east": {"uv": [0, 0, 1, 16], "texture": "#0"},
				"south": {"uv": [0, 0, 1, 16], "texture": "#0"},
				"west": {"uv": [0, 0, 1, 16], "texture": "#0"},
				"down": {"uv": [1, 0, 2, 1], "texture": "#0"}
			}
		},
		{
			"from": [7.559, 27.884, 7.109],
			"to": [8.441, 30.566, 8.891],
			"rotation": {"angle": 0, "axis": "y", "origin": [8, 8.3, 8]},
			"faces": {
				"east": {"uv": [11, 0, 12, 1.5], "texture": "#0"},
				"west": {"uv": [11, 0, 12, 1.5], "texture": "#0"}
			}
		},
		{
			"from": [7.541, 24.491, 7.091],
			"to": [8.459, 28.009, 10.609],
			"rotation": {"angle": -45, "axis": "x", "origin": [8, 25.4, 8]},
			"faces": {
				"north": {"uv": [10, 0, 10.5, 2], "texture": "#0"},
				"east": {"uv": [8.5, 0, 10.5, 2], "texture": "#0"},
				"west": {"uv": [8.5, 0, 10.5, 2], "rotation": 90, "texture": "#0"},
				"down": {"uv": [10, 0, 10.5, 2], "texture": "#0"}
			}
		},
		{
			"from": [7.541, 29.396, 11.996],
			"to": [8.459, 30.134, 12.734],
			"rotation": {"angle": -45, "axis": "x", "origin": [8, 25.4, 8]},
			"faces": {
				"east": {"uv": [12, 0, 12.4, 0.4], "texture": "#0"},
				"south": {"uv": [12, 0, 12.5, 0.4], "texture": "#0"},
				"west": {"uv": [12, 0, 12.4, 0.4], "texture": "#0"},
				"up": {"uv": [12, 0, 12.5, 0.4], "texture": "#0"}
			}
		},
		{
			"from": [7.55, 26.3135, 5.45525],
			"to": [8.45, 31.9835, 6.45525],
			"rotation": {"angle": 22.5, "axis": "x", "origin": [8, 26.6735, 5.45525]},
			"faces": {
				"north": {"uv": [13.5, 4.35, 14, 7.5], "texture": "#0"},
				"east": {"uv": [13.5, 4.35, 14, 7.5], "texture": "#0"},
				"west": {"uv": [13.5, 4.35, 14, 7.5], "texture": "#0"},
				"down": {"uv": [13.5, 6.85, 13.95, 7.35], "texture": "#0"}
			}
		},
		{
			"from": [7.55, 26.3135, 9.54475],
			"to": [8.45, 31.9835, 10.54475],
			"rotation": {"angle": -22.5, "axis": "x", "origin": [8, 26.6735, 10.54475]},
			"faces": {
				"east": {"uv": [13.5, 4.35, 14, 7.5], "texture": "#0"},
				"south": {"uv": [13.5, 4.35, 14, 7.5], "texture": "#0"},
				"west": {"uv": [13.5, 4.35, 14, 7.5], "texture": "#0"},
				"down": {"uv": [13.55, 6.5, 14, 7], "texture": "#0"}
			}
		}
	],
	"gui_light": "front",
	"display": {
		"thirdperson_righthand": {
			"translation": [0, 4.25, 1.5]
		},
		"thirdperson_lefthand": {
			"translation": [0, 4.25, 1.5]
		},
		"firstperson_righthand": {
			"rotation": [-7.75, 5, 0],
			"translation": [4.25, 1.75, -5.25],
			"scale": [0.83, 0.83, 0.83]
		},
		"firstperson_lefthand": {
			"rotation": [-7.75, 5, 0],
			"translation": [4.25, 1.75, -5.25],
			"scale": [0.83, 0.83, 0.83]
		},
		"ground": {
			"rotation": [-47, 0.8, -1.89],
			"translation": [0, 1.75, 0],
			"scale": [0.25, 0.25, 0.25]
		},
		"gui": {
			"rotation": [-90, 135, 90],
			"scale": [0.43, 0.43, 0.43]
		},
		"head": {
			"rotation": [90, 53.25, -90],
			"translation": [2, -14.25, 4.25],
			"scale": [1.41, 1.42, 1.42]
		},
		"fixed": {
			"rotation": [-90, -45, -90],
			"translation": [-0.25, 0, 0],
			"scale": [0.53, 0.53, 0.53]
		}
	},
	"groups": [
		{
			"name": "spear",
			"origin": [8, 8, 8],
			"color": 0,
			"nbt": "{}",
			"children": [0, 1, 2, 3, 4, 5, 6, 7]
		}
	]
}