{
	"credit": "Made with Blockbench",
	"parent": "gold_halbert",
	"texture_size": [32, 32],
	"textures": {
		"0": "gold_historical_weapons",
		"particle": "gold_historical_weapons"
	},
	"elements": [
		{
			"from": [7.1, -15.9, 7.1],
			"to": [8.9, 15, 8.9],
			"rotation": {"angle": 0, "axis": "y", "origin": [8, 7.4, 8]},
			"faces": {
				"north": {"uv": [0, 0, 1, 16], "texture": "#0"},
				"east": {"uv": [0, 0, 1, 16], "texture": "#0"},
				"south": {"uv": [0, 0, 1, 16], "texture": "#0"},
				"west": {"uv": [0, 0, 1, 16], "texture": "#0"},
				"down": {"uv": [1, 0, 2, 1], "texture": "#0"}
			}
		},
		{
			"from": [7.1, 15, 7.1],
			"to": [8.9, 20.9, 8.9],
			"rotation": {"angle": 0, "axis": "y", "origin": [8, 7.4, 8]},
			"faces": {
				"north": {"uv": [2, 3.5, 3, 7], "texture": "#0"},
				"east": {"uv": [2, 3.5, 3, 7], "texture": "#0"},
				"south": {"uv": [2, 3.5, 3, 7], "texture": "#0"},
				"west": {"uv": [2, 3.5, 3, 7], "texture": "#0"},
				"up": {"uv": [2, 4.5, 3, 3.5], "texture": "#0"}
			}
		},
		{
			"from": [7.53, 20.88, 7.08],
			"to": [8.47, 27.22, 8.92],
			"rotation": {"angle": 0, "axis": "y", "origin": [8, 23.6, 8]},
			"faces": {
				"north": {"uv": [2, 0, 2.5, 3.5], "texture": "#0"},
				"east": {"uv": [3, 0, 2, 3.5], "texture": "#0"},
				"south": {"uv": [2.5, 0, 3, 3.5], "texture": "#0"},
				"west": {"uv": [2, 0, 3, 3.5], "texture": "#0"},
				"up": {"uv": [2.5, 1, 3, 2], "texture": "#0"},
				"down": {"uv": [2.5, 1, 3, 2], "texture": "#0"}
			}
		},
		{
			"from": [7.545, 21.25, 11.225],
			"to": [8.455, 25.77, 12.195],
			"rotation": {"angle": -22.5, "axis": "x", "origin": [8, 25.76, 12.185]},
			"faces": {
				"east": {"uv": [12.5, 0, 13, 2], "texture": "#0"},
				"south": {"uv": [12.5, 0, 13, 2], "texture": "#0"},
				"west": {"uv": [12.5, 0, 13, 2], "texture": "#0"},
				"down": {"uv": [12.5, 0, 13, 0], "texture": "#0"}
			}
		},
		{
			"from": [7.54, 21.34, 9.285],
			"to": [8.46, 24.81, 10.205],
			"rotation": {"angle": -45, "axis": "x", "origin": [8, 25.76, 11.285]},
			"faces": {
				"north": {"uv": [13, 1.5, 13.5, 0.25], "texture": "#0"},
				"east": {"uv": [13, 1.5, 13.5, 0.25], "texture": "#0"},
				"west": {"uv": [13, 1.5, 13.5, 0.25], "texture": "#0"},
				"down": {"uv": [13, 1, 13.5, 0.5], "texture": "#0"}
			}
		},
		{
			"from": [7.55, 25.914, 9.773],
			"to": [8.45, 27.614, 11.623],
			"rotation": {"angle": 22.5, "axis": "x", "origin": [8, 25.22, 7.235]},
			"faces": {
				"north": {"uv": [15.5, 0, 16, 1.5], "rotation": 180, "texture": "#0"},
				"east": {"uv": [12.7, 0, 13.5, 1], "rotation": 90, "texture": "#0"},
				"south": {"uv": [15.5, 0, 16, 1.5], "texture": "#0"},
				"west": {"uv": [13.5, 0, 12.7, 1], "rotation": 270, "texture": "#0"},
				"up": {"uv": [12, 0, 12.5, 1], "texture": "#0"},
				"down": {"uv": [12, 0, 12.5, 1], "rotation": 180, "texture": "#0"}
			}
		},
		{
			"from": [7.56, 23.339, 8.523],
			"to": [8.44, 24.679, 12.193],
			"rotation": {"angle": 0, "axis": "y", "origin": [8, 25.22, 7.235]},
			"faces": {
				"east": {"uv": [10.5, 2.05, 11, 0], "rotation": 90, "texture": "#0"},
				"west": {"uv": [10.5, 2.05, 11, 0], "rotation": 270, "texture": "#0"},
				"down": {"uv": [10.5, 2.05, 11, 0], "rotation": 180, "texture": "#0"}
			}
		},
		{
			"from": [7.56, 19.875, 4.05],
			"to": [8.44, 22.465, 4.57],
			"rotation": {"angle": 0, "axis": "y", "origin": [8, 24.5, 8.9]},
			"faces": {
				"east": {"uv": [13, 1, 13.3, 2.45], "texture": "#0"},
				"west": {"uv": [13, 1, 13.3, 2.45], "texture": "#0"}
			}
		},
		{
			"from": [7.55, 19.375, 3.41],
			"to": [8.45, 21.6, 4.235],
			"rotation": {"angle": 0, "axis": "y", "origin": [8, 24.5, 8.9]},
			"faces": {
				"north": {"uv": [11, 0, 11.5, 1.875], "texture": "#0"},
				"east": {"uv": [11, 0, 11.375, 1.875], "texture": "#0"},
				"west": {"uv": [11, 0, 11.375, 1.875], "texture": "#0"}
			}
		},
		{
			"from": [7.55, 19.766, 4.085],
			"to": [8.45, 22.85, 4.985],
			"rotation": {"angle": 22.5, "axis": "x", "origin": [8, 20.9, 4.4]},
			"faces": {
				"east": {"uv": [13, 2.08, 13.5, 0.2], "texture": "#0"},
				"south": {"uv": [13, 2.08, 13.5, 0.2], "texture": "#0"},
				"west": {"uv": [13, 2.08, 13.5, 0.2], "texture": "#0"}
			}
		},
		{
			"from": [7.55, 18.245, 3.41],
			"to": [8.45, 20, 3.8375],
			"rotation": {"angle": 22.5, "axis": "x", "origin": [8, 20, 3.5]},
			"faces": {
				"north": {"uv": [13, 0, 13.5, 0.975], "texture": "#0"},
				"east": {"uv": [13, 0, 13.2375, 0.975], "texture": "#0"},
				"west": {"uv": [13, 0, 13.2375, 0.975], "texture": "#0"},
				"down": {"uv": [13, 0, 13.5, 0.2375], "texture": "#0"}
			}
		},
		{
			"from": [7.55, 17.3, 4.535],
			"to": [8.45, 19.235, 4.985],
			"rotation": {"angle": 45, "axis": "x", "origin": [8, 20, 5.21]},
			"faces": {
				"north": {"uv": [11.5, 0, 12, 1.075], "texture": "#0"},
				"east": {"uv": [11.5, 0, 11.75, 1.075], "texture": "#0"},
				"south": {"uv": [11.5, 0, 12, 1.075], "texture": "#0"},
				"west": {"uv": [11.5, 0, 11.75, 1.075], "texture": "#0"},
				"up": {"uv": [11.5, 0, 12, 0.25], "texture": "#0"},
				"down": {"uv": [11.5, 0, 12, 0.25], "texture": "#0"}
			}
		},
		{
			"from": [7.55, 24.374, 3.05],
			"to": [8.45, 27.074, 3.85],
			"rotation": {"angle": 22.5, "axis": "x", "origin": [8, 27.065, 3.05]},
			"faces": {
				"north": {"uv": [12, 0, 12.5, 1.5], "texture": "#0"},
				"east": {"uv": [12, 0, 12.5, 1.5], "texture": "#0"},
				"south": {"uv": [12, 0, 12.5, 1.5], "texture": "#0"},
				"west": {"uv": [12.5, 0, 12, 1.5], "texture": "#0"}
			}
		},
		{
			"from": [7.55, 24.874, 3.85],
			"to": [8.45, 27.074, 4.85],
			"rotation": {"angle": 22.5, "axis": "x", "origin": [8, 27.065, 3.05]},
			"faces": {
				"north": {"uv": [11.5, 0, 11.95, 1.05], "texture": "#0"},
				"east": {"uv": [11.5, 0, 11.9, 1.05], "texture": "#0"},
				"south": {"uv": [11.5, 0, 11.95, 1.05], "texture": "#0"},
				"west": {"uv": [11.9, 0, 11.5, 1.05], "texture": "#0"}
			}
		},
		{
			"from": [7.55, 20.99, 2.897],
			"to": [8.45, 24.39, 3.797],
			"rotation": {"angle": -22.5, "axis": "x", "origin": [8, 24.635, 2.06]},
			"faces": {
				"north": {"uv": [11.5, 0, 12, 2], "texture": "#0"},
				"east": {"uv": [11.5, 0, 12, 2], "texture": "#0"},
				"south": {"uv": [13.5, 0, 14, 2], "texture": "#0"},
				"west": {"uv": [12, 1, 11.5, 3], "texture": "#0"}
			}
		},
		{
			"from": [7.55, 20.99, 1.997],
			"to": [8.45, 24.59, 2.897],
			"rotation": {"angle": -22.5, "axis": "x", "origin": [8, 24.635, 2.06]},
			"faces": {
				"north": {"uv": [12, 1, 12.5, 3], "texture": "#0"},
				"east": {"uv": [12, 1, 12.5, 3], "texture": "#0"},
				"south": {"uv": [12, 0, 12.5, 2], "texture": "#0"},
				"west": {"uv": [12.5, 1, 12, 3], "texture": "#0"}
			}
		},
		{
			"from": [7.55, 23.825, 4.55],
			"to": [8.45, 25.4, 8],
			"rotation": {"angle": 22.5, "axis": "x", "origin": [8, 25.4, 8]},
			"faces": {
				"east": {"uv": [12, 1, 12.975, 3], "rotation": 90, "texture": "#0"},
				"west": {"uv": [12.5, 2.5, 13.475, 0.5], "rotation": 90, "texture": "#0"},
				"up": {"uv": [15.5, 0, 16, 2.5], "texture": "#0"},
				"down": {"uv": [15.5, 0, 16, 2.5], "texture": "#0"}
			}
		},
		{
			"from": [7.55, 23.6, 3.95],
			"to": [8.45, 25.4, 7.1],
			"rotation": {"angle": -22.5, "axis": "x", "origin": [8, 25.4, 8]},
			"faces": {
				"east": {"uv": [13, 0, 14, 2], "rotation": 90, "texture": "#0"},
				"west": {"uv": [13, 2, 14, 0], "rotation": 90, "texture": "#0"},
				"up": {"uv": [13, 0, 13.5, 2], "texture": "#0"},
				"down": {"uv": [13.5, 2, 14, 0], "texture": "#0"}
			}
		},
		{
			"from": [7.54, 23.815, 7.99],
			"to": [8.46, 25.41, 10.71],
			"rotation": {"angle": -22.5, "axis": "x", "origin": [8, 25.4, 8]},
			"faces": {
				"east": {"uv": [12.5, 2, 13.375, 0.5], "rotation": 90, "texture": "#0"},
				"west": {"uv": [12.5, 0.5, 13.375, 2], "rotation": 90, "texture": "#0"},
				"up": {"uv": [12.5, 2, 13, 0.5], "texture": "#0"}
			}
		},
		{
			"from": [7.541, 25.391, 3.491],
			"to": [8.459, 26.849, 6.209],
			"rotation": {"angle": 45, "axis": "x", "origin": [8, 26.75, 5.3]},
			"faces": {
				"north": {"uv": [12.5, 0, 13, 0.8], "texture": "#0"},
				"east": {"uv": [12, 0.55, 12.8, 2], "rotation": 90, "texture": "#0"},
				"south": {"uv": [13.5, 0, 14, 0.8], "texture": "#0"},
				"west": {"uv": [12, 2, 12.8, 0.55], "rotation": 90, "texture": "#0"},
				"up": {"uv": [15.5, 0, 16, 1.5], "texture": "#0"},
				"down": {"uv": [15.5, 0, 16, 1.5], "texture": "#0"}
			}
		},
		{
			"from": [7.559, 29.234, 7.559],
			"to": [8.441, 30.116, 8.441],
			"rotation": {"angle": 0, "axis": "y", "origin": [8, 23.6, 8]},
			"faces": {
				"east": {"uv": [15, 0, 15.5, 0.5], "texture": "#0"},
				"west": {"uv": [15, 0, 15.5, 0.5], "texture": "#0"}
			}
		},
		{
			"from": [7.541, 31.2545, 7.8695],
			"to": [8.459, 31.781, 8.396],
			"rotation": {"angle": -45, "axis": "x", "origin": [8, 31.385, 8]},
			"faces": {
				"north": {"uv": [15.5, 0, 16, 0.2825], "texture": "#0"},
				"east": {"uv": [15.5, 0, 15.7825, 0.2825], "texture": "#0"},
				"south": {"uv": [15.5, 0, 16, 0.2825], "texture": "#0"},
				"west": {"uv": [15.7175, 0, 16, 0.2825], "texture": "#0"},
				"up": {"uv": [15.5, 0.2825, 16, 0.565], "texture": "#0"},
				"down": {"uv": [15.5, 0.2825, 16, 0.565], "texture": "#0"}
			}
		},
		{
			"from": [7.55, 26.3, 6.2],
			"to": [8.45, 29, 8.9],
			"rotation": {"angle": 45, "axis": "x", "origin": [8, 27.2, 8]},
			"faces": {
				"east": {"uv": [14, 0, 15.5, 1.5], "rotation": 90, "texture": "#0"},
				"south": {"uv": [14.5, 0, 15, 1.5], "texture": "#0"},
				"west": {"uv": [14, 0, 15.5, 1.5], "texture": "#0"},
				"down": {"uv": [14, 0, 14.5, 1.5], "texture": "#0"}
			}
		},
		{
			"from": [7.541, 27.8345, 9.0035],
			"to": [8.459, 31.9025, 9.9215],
			"rotation": {"angle": -22.5, "axis": "x", "origin": [8, 27.83, 9.935]},
			"faces": {
				"east": {"uv": [15.5, 0.5, 16, 2.75], "texture": "#0"},
				"south": {"uv": [15.5, 0.5, 16, 2.75], "texture": "#0"},
				"west": {"uv": [15.5, 0.5, 16, 2.75], "texture": "#0"}
			}
		},
		{
			"from": [7.541, 27.8345, 6.0785],
			"to": [8.459, 31.9025, 6.9965],
			"rotation": {"angle": 22.5, "axis": "x", "origin": [8, 27.83, 6.065]},
			"faces": {
				"north": {"uv": [15.5, 0.5, 16, 2.75], "texture": "#0"},
				"east": {"uv": [15.5, 0.5, 16, 2.75], "texture": "#0"},
				"west": {"uv": [15.5, 0.5, 16, 2.75], "texture": "#0"}
			}
		}
	],
	"gui_light": "front",
	"display": {
		"thirdperson_righthand": {
			"translation": [0, 4.25, 1.5]
		},
		"thirdperson_lefthand": {
			"translation": [0, 4.25, 1.5]
		},
		"firstperson_righthand": {
			"rotation": [-7.75, 5, 0],
			"translation": [4.25, 1.75, -5.25],
			"scale": [0.83, 0.83, 0.83]
		},
		"firstperson_lefthand": {
			"rotation": [-7.75, 5, 0],
			"translation": [4.25, 1.75, -5.25],
			"scale": [0.83, 0.83, 0.83]
		},
		"ground": {
			"rotation": [-47, 0.8, -1.89],
			"translation": [0, 1.75, 0],
			"scale": [0.25, 0.25, 0.25]
		},
		"gui": {
			"rotation": [-90, 135, 90],
			"scale": [0.43, 0.43, 0.43]
		},
		"head": {
			"rotation": [-90, -58, 90],
			"translation": [2, -14.25, 4.25],
			"scale": [1.41, 1.42, 1.42]
		},
		"fixed": {
			"rotation": [-90, -45, -90],
			"translation": [-0.25, 0, 0],
			"scale": [0.53, 0.53, 0.53]
		}
	},
	"groups": [
		{
			"name": "halbert",
			"origin": [8, 8, 8],
			"color": 0,
			"nbt": "{}",
			"children": [0, 1, 2, 3, 4, 5, 6, 7, 8, 9, 10, 11, 12, 13, 14, 15, 16, 17, 18, 19, 20, 21, 22, 23, 24]
		}
	]
}