{
	"credit": "Made with Blockbench",
	"parent": "gold_mace",
	"texture_size": [32, 32],
	"textures": {
		"0": "gold_historical_weapons",
		"particle": "gold_historical_weapons"
	},
	"elements": [
		{
			"from": [6.5, 6, 6.5],
			"to": [9.5, 8, 9.5],
			"rotation": {"angle": 0, "axis": "y", "origin": [8, 0, 8]},
			"faces": {
				"north": {"uv": [14, 14.5, 15.5, 13.5], "texture": "#0"},
				"east": {"uv": [14, 14.5, 15.5, 13.5], "texture": "#0"},
				"south": {"uv": [14, 14.5, 15.5, 13.5], "texture": "#0"},
				"west": {"uv": [14, 14.5, 15.5, 13.5], "texture": "#0"},
				"up": {"uv": [14, 14.5, 15.5, 16], "texture": "#0"},
				"down": {"uv": [14, 14.5, 15.5, 16], "texture": "#0"}
			}
		},
		{
			"from": [6.5, -16, 6.5],
			"to": [9.5, -13, 9.5],
			"rotation": {"angle": 0, "axis": "y", "origin": [8, 0, 8]},
			"faces": {
				"north": {"uv": [14, 13, 15.5, 14.5], "texture": "#0"},
				"east": {"uv": [14, 13, 15.5, 14.5], "texture": "#0"},
				"south": {"uv": [14, 13, 15.5, 14.5], "texture": "#0"},
				"west": {"uv": [14, 13, 15.5, 14.5], "texture": "#0"},
				"up": {"uv": [12.5, 13, 14, 14.5], "texture": "#0"},
				"down": {"uv": [14, 14.5, 15.5, 16], "texture": "#0"}
			}
		},
		{
			"from": [6.5, 15, 6.5],
			"to": [9.5, 17, 9.5],
			"rotation": {"angle": 0, "axis": "y", "origin": [8, 0, 8]},
			"faces": {
				"north": {"uv": [13.5, 10.5, 15, 9.5], "texture": "#0"},
				"east": {"uv": [13.5, 10.5, 15, 9.5], "texture": "#0"},
				"south": {"uv": [13.5, 10.5, 15, 9.5], "texture": "#0"},
				"west": {"uv": [13.5, 10.5, 15, 9.5], "texture": "#0"},
				"up": {"uv": [12.5, 13, 14, 14.5], "texture": "#0"},
				"down": {"uv": [14, 14.5, 15.5, 16], "texture": "#0"}
			}
		},
		{
			"from": [12.6, 6.7, 7.5],
			"to": [13.6, 15.75, 8.5],
			"rotation": {"angle": -22.5, "axis": "z", "origin": [10.15, 16, 8]},
			"faces": {
				"north": {"uv": [13, 6.975, 13.5, 11.5], "texture": "#0"},
				"east": {"uv": [13, 6.975, 13.5, 11.5], "texture": "#0"},
				"south": {"uv": [13, 6.975, 13.5, 11.5], "texture": "#0"},
				"down": {"uv": [13, 11, 13.5, 11.5], "texture": "#0"}
			}
		},
		{
			"from": [8.9, 7, 7.51],
			"to": [10, 17, 8.49],
			"rotation": {"angle": 0, "axis": "y", "origin": [10.2, 16, 8]},
			"faces": {
				"north": {"uv": [12, 9.5, 12.5, 14.5], "texture": "#0"},
				"south": {"uv": [12.5, 9.5, 12, 14.5], "texture": "#0"}
			}
		},
		{
			"from": [10, 9.2, 7.51],
			"to": [11, 16.3, 8.49],
			"rotation": {"angle": 0, "axis": "y", "origin": [10.2, 16, 8]},
			"faces": {
				"north": {"uv": [11.5, 9.5, 12, 13], "texture": "#0"},
				"south": {"uv": [12, 9.5, 11.5, 13], "texture": "#0"}
			}
		},
		{
			"from": [11, 11.3, 7.51],
			"to": [11.9, 15.3, 8.49],
			"rotation": {"angle": 0, "axis": "y", "origin": [10.2, 16, 8]},
			"faces": {
				"north": {"uv": [11, 10.175, 11.5, 11.675], "texture": "#0"},
				"south": {"uv": [11, 10.175, 11.5, 11.675], "texture": "#0"}
			}
		},
		{
			"from": [11.9, 13.1, 7.51],
			"to": [12.3, 15.3, 8.49],
			"rotation": {"angle": 0, "axis": "y", "origin": [10.2, 16, 8]},
			"faces": {
				"north": {"uv": [11, 9.675, 11.5, 10.525], "texture": "#0"},
				"south": {"uv": [11, 9.675, 11.5, 10.525], "texture": "#0"}
			}
		},
		{
			"from": [10.25, 12.7, 7.5],
			"to": [11.25, 17.2, 8.5],
			"rotation": {"angle": 45, "axis": "z", "origin": [10.15, 16, 8]},
			"faces": {
				"north": {"uv": [15.5, 6, 16, 8.25], "texture": "#0"},
				"east": {"uv": [15.5, 6, 16, 8.25], "texture": "#0"},
				"south": {"uv": [15.5, 6, 16, 8.25], "texture": "#0"},
				"up": {"uv": [15.5, 6, 16, 6.5], "texture": "#0"}
			}
		},
		{
			"from": [9.25, 16.2, 7.5],
			"to": [10.25, 17.2, 8.5],
			"rotation": {"angle": 45, "axis": "z", "origin": [10.15, 16, 8]},
			"faces": {
				"north": {"uv": [15.5, 6, 16, 8.25], "texture": "#0"},
				"east": {"uv": [15.5, 6, 16, 8.25], "texture": "#0"},
				"south": {"uv": [15.5, 6, 16, 8.25], "texture": "#0"},
				"up": {"uv": [15.5, 6, 16, 6.5], "texture": "#0"}
			}
		},
		{
			"from": [2.4, 6.7, 7.5],
			"to": [3.4, 15.75, 8.5],
			"rotation": {"angle": 22.5, "axis": "z", "origin": [5.85, 16, 8]},
			"faces": {
				"north": {"uv": [13.5, 6.975, 13, 11.5], "texture": "#0"},
				"south": {"uv": [13.5, 6.975, 13, 11.5], "texture": "#0"},
				"west": {"uv": [13.5, 6.975, 13, 11.5], "texture": "#0"},
				"down": {"uv": [13.5, 11, 13, 11.5], "texture": "#0"}
			}
		},
		{
			"from": [3.7, 13.1, 7.51],
			"to": [4.1, 15.3, 8.49],
			"rotation": {"angle": 0, "axis": "y", "origin": [5.8, 16, 8]},
			"faces": {
				"north": {"uv": [11.5, 9.675, 11, 10.525], "texture": "#0"},
				"south": {"uv": [11.5, 9.675, 11, 10.525], "texture": "#0"}
			}
		},
		{
			"from": [4.1, 11.3, 7.51],
			"to": [5, 15.3, 8.49],
			"rotation": {"angle": 0, "axis": "y", "origin": [5.8, 16, 8]},
			"faces": {
				"north": {"uv": [11.5, 10.175, 11, 11.675], "texture": "#0"},
				"south": {"uv": [11.5, 10.175, 11, 11.675], "texture": "#0"}
			}
		},
		{
			"from": [6, 7, 7.51],
			"to": [7.1, 17, 8.49],
			"rotation": {"angle": 0, "axis": "y", "origin": [5.8, 16, 8]},
			"faces": {
				"north": {"uv": [12.5, 9.5, 12, 14.5], "texture": "#0"},
				"south": {"uv": [12, 9.5, 12.5, 14.5], "texture": "#0"}
			}
		},
		{
			"from": [5, 9.2, 7.51],
			"to": [6, 16.3, 8.49],
			"rotation": {"angle": 0, "axis": "y", "origin": [5.8, 16, 8]},
			"faces": {
				"north": {"uv": [12, 9.5, 11.5, 13], "texture": "#0"},
				"south": {"uv": [11.5, 9.5, 12, 13], "texture": "#0"}
			}
		},
		{
			"from": [4.75, 12.7, 7.5],
			"to": [5.75, 17.2, 8.5],
			"rotation": {"angle": -45, "axis": "z", "origin": [5.85, 16, 8]},
			"faces": {
				"north": {"uv": [16, 6, 15.5, 8.25], "texture": "#0"},
				"south": {"uv": [16, 6, 15.5, 8.25], "texture": "#0"},
				"west": {"uv": [16, 6, 15.5, 8.25], "texture": "#0"},
				"up": {"uv": [16, 6, 15.5, 6.5], "texture": "#0"}
			}
		},
		{
			"from": [5.75, 16.2, 7.5],
			"to": [6.75, 17.2, 8.5],
			"rotation": {"angle": -45, "axis": "z", "origin": [5.85, 16, 8]},
			"faces": {
				"north": {"uv": [16, 6, 15.5, 8.25], "texture": "#0"},
				"south": {"uv": [16, 6, 15.5, 8.25], "texture": "#0"},
				"west": {"uv": [16, 6, 15.5, 8.25], "texture": "#0"},
				"up": {"uv": [16, 6, 15.5, 6.5], "texture": "#0"}
			}
		},
		{
			"from": [7.5, 12.7, 10.3],
			"to": [8.5, 17.2, 11.3],
			"rotation": {"angle": -45, "axis": "x", "origin": [8, 16, 10.2]},
			"faces": {
				"east": {"uv": [15.5, 6, 16, 8.25], "texture": "#0"},
				"south": {"uv": [15.5, 6, 16, 8.25], "texture": "#0"},
				"west": {"uv": [15.5, 6, 16, 8.25], "texture": "#0"},
				"up": {"uv": [15.5, 6, 16, 6.5], "rotation": 90, "texture": "#0"}
			}
		},
		{
			"from": [7.5, 16.2, 9.3],
			"to": [8.5, 17.2, 10.3],
			"rotation": {"angle": -45, "axis": "x", "origin": [8, 16, 10.2]},
			"faces": {
				"east": {"uv": [15.5, 6, 16, 8.25], "texture": "#0"},
				"south": {"uv": [15.5, 6, 16, 8.25], "texture": "#0"},
				"west": {"uv": [15.5, 6, 16, 8.25], "texture": "#0"},
				"up": {"uv": [15.5, 6, 16, 6.5], "rotation": 90, "texture": "#0"}
			}
		},
		{
			"from": [7.51, 13.1, 11.95],
			"to": [8.49, 15.3, 12.35],
			"rotation": {"angle": 0, "axis": "y", "origin": [8, 16, 10.25]},
			"faces": {
				"east": {"uv": [11, 9.675, 11.5, 10.525], "texture": "#0"},
				"west": {"uv": [11, 9.675, 11.5, 10.525], "texture": "#0"}
			}
		},
		{
			"from": [7.51, 11.3, 11.05],
			"to": [8.49, 15.3, 11.95],
			"rotation": {"angle": 0, "axis": "y", "origin": [8, 16, 10.25]},
			"faces": {
				"east": {"uv": [11, 10.175, 11.5, 11.675], "texture": "#0"},
				"west": {"uv": [11, 10.175, 11.5, 11.675], "texture": "#0"}
			}
		},
		{
			"from": [7.51, 9.2, 10.05],
			"to": [8.49, 16.3, 11.05],
			"rotation": {"angle": 0, "axis": "y", "origin": [8, 16, 10.25]},
			"faces": {
				"east": {"uv": [11.5, 9.5, 12, 13], "texture": "#0"},
				"west": {"uv": [12, 9.5, 11.5, 13], "texture": "#0"}
			}
		},
		{
			"from": [7.51, 7, 8.95],
			"to": [8.49, 17, 10.05],
			"rotation": {"angle": 0, "axis": "y", "origin": [8, 16, 10.25]},
			"faces": {
				"east": {"uv": [12, 9.5, 12.5, 14.5], "texture": "#0"},
				"west": {"uv": [12.5, 9.5, 12, 14.5], "texture": "#0"}
			}
		},
		{
			"from": [7.5, 6.7, 12.65],
			"to": [8.5, 15.75, 13.65],
			"rotation": {"angle": 22.5, "axis": "x", "origin": [8, 16, 10.2]},
			"faces": {
				"east": {"uv": [13, 6.975, 13.5, 11.5], "texture": "#0"},
				"south": {"uv": [13, 6.975, 13.5, 11.5], "texture": "#0"},
				"west": {"uv": [13, 6.975, 13.5, 11.5], "texture": "#0"},
				"down": {"uv": [13, 11, 13.5, 11.5], "rotation": 270, "texture": "#0"}
			}
		},
		{
			"from": [7.5, 6.7, 2.35],
			"to": [8.5, 15.75, 3.35],
			"rotation": {"angle": -22.5, "axis": "x", "origin": [8, 16, 5.8]},
			"faces": {
				"north": {"uv": [13, 6.975, 13.5, 11.5], "texture": "#0"},
				"east": {"uv": [13, 6.975, 13.5, 11.5], "texture": "#0"},
				"west": {"uv": [13, 6.975, 13.5, 11.5], "texture": "#0"},
				"down": {"uv": [13.5, 11.5, 13, 11], "rotation": 270, "texture": "#0"}
			}
		},
		{
			"from": [7.5, 12.7, 4.7],
			"to": [8.5, 17.2, 5.7],
			"rotation": {"angle": 45, "axis": "x", "origin": [8, 16, 5.8]},
			"faces": {
				"north": {"uv": [15.5, 6, 16, 8.25], "texture": "#0"},
				"east": {"uv": [15.5, 6, 16, 8.25], "texture": "#0"},
				"west": {"uv": [15.5, 6, 16, 8.25], "texture": "#0"},
				"up": {"uv": [16, 6.5, 15.5, 6], "rotation": 90, "texture": "#0"}
			}
		},
		{
			"from": [7.5, 16.2, 5.7],
			"to": [8.5, 17.2, 6.7],
			"rotation": {"angle": 45, "axis": "x", "origin": [8, 16, 5.8]},
			"faces": {
				"north": {"uv": [15.5, 6, 16, 8.25], "texture": "#0"},
				"east": {"uv": [15.5, 6, 16, 8.25], "texture": "#0"},
				"west": {"uv": [15.5, 6, 16, 8.25], "texture": "#0"},
				"up": {"uv": [16, 6.5, 15.5, 6], "rotation": 90, "texture": "#0"}
			}
		},
		{
			"from": [7.51, 13.1, 3.65],
			"to": [8.49, 15.3, 4.05],
			"rotation": {"angle": 0, "axis": "y", "origin": [8, 16, 5.75]},
			"faces": {
				"east": {"uv": [11, 9.675, 11.5, 10.525], "texture": "#0"},
				"west": {"uv": [11, 9.675, 11.5, 10.525], "texture": "#0"}
			}
		},
		{
			"from": [7.51, 11.3, 4.05],
			"to": [8.49, 15.3, 4.95],
			"rotation": {"angle": 0, "axis": "y", "origin": [8, 16, 5.75]},
			"faces": {
				"east": {"uv": [11, 10.175, 11.5, 11.675], "texture": "#0"},
				"west": {"uv": [11, 10.175, 11.5, 11.675], "texture": "#0"}
			}
		},
		{
			"from": [7.51, 9.2, 4.95],
			"to": [8.49, 16.3, 5.95],
			"rotation": {"angle": 0, "axis": "y", "origin": [8, 16, 5.75]},
			"faces": {
				"east": {"uv": [12, 9.5, 11.5, 13], "texture": "#0"},
				"west": {"uv": [11.5, 9.5, 12, 13], "texture": "#0"}
			}
		},
		{
			"from": [7.51, 7, 5.95],
			"to": [8.49, 17, 7.05],
			"rotation": {"angle": 0, "axis": "y", "origin": [8, 16, 5.75]},
			"faces": {
				"east": {"uv": [12.5, 9.5, 12, 14.5], "texture": "#0"},
				"west": {"uv": [12, 9.5, 12.5, 14.5], "texture": "#0"}
			}
		},
		{
			"from": [7, -13, 7],
			"to": [9, 6, 9],
			"rotation": {"angle": 0, "axis": "y", "origin": [8, 0, 8]},
			"faces": {
				"north": {"uv": [5, 0.5, 6, 10], "texture": "#0"},
				"east": {"uv": [5, 0.5, 6, 10], "texture": "#0"},
				"south": {"uv": [5, 0.5, 6, 10], "texture": "#0"},
				"west": {"uv": [5, 0.5, 6, 10], "texture": "#0"},
				"up": {"uv": [5, 0.5, 6, 1.5], "texture": "#0"},
				"down": {"uv": [5, 9, 6, 10], "texture": "#0"}
			}
		},
		{
			"from": [6.75, 8, 6.75],
			"to": [9.25, 15, 9.25],
			"rotation": {"angle": -45, "axis": "y", "origin": [8, 0, 8]},
			"faces": {
				"north": {"uv": [2, 12, 2.5, 15.5], "texture": "#0"},
				"east": {"uv": [2, 12, 2.5, 15.5], "texture": "#0"},
				"south": {"uv": [2, 12, 2.5, 15.5], "texture": "#0"},
				"west": {"uv": [2, 12, 2.5, 15.5], "texture": "#0"}
			}
		},
		{
			"from": [7, 16, 7],
			"to": [9, 18, 9],
			"rotation": {"angle": -45, "axis": "z", "origin": [8, 17, 8]},
			"faces": {
				"north": {"uv": [13.5, 15, 14.5, 16], "rotation": 90, "texture": "#0"},
				"east": {"uv": [13.5, 15, 14.5, 16], "texture": "#0"},
				"south": {"uv": [10.5, 15, 11.5, 16], "rotation": 270, "texture": "#0"},
				"west": {"uv": [10.5, 15, 11.5, 16], "texture": "#0"},
				"up": {"uv": [11.5, 16, 10.5, 15], "texture": "#0"},
				"down": {"uv": [13.5, 15, 14.5, 16], "texture": "#0"}
			}
		}
	],
	"gui_light": "front",
	"display": {
		"thirdperson_righthand": {
			"translation": [0, 9.75, 1.5],
			"scale": [0.76, 0.76, 0.76]
		},
		"thirdperson_lefthand": {
			"translation": [0, 9.75, 1.5],
			"scale": [0.76, 0.76, 0.76]
		},
		"firstperson_righthand": {
			"rotation": [-7.75, 5, 0],
			"translation": [4.25, 9, -5.25],
			"scale": [0.75, 0.75, 0.75]
		},
		"firstperson_lefthand": {
			"rotation": [-7.75, 5, 0],
			"translation": [4.25, 9, -5.25],
			"scale": [0.75, 0.75, 0.75]
		},
		"ground": {
			"rotation": [-47, 0.8, -1.89],
			"translation": [0, 1.75, 0],
			"scale": [0.25, 0.25, 0.25]
		},
		"gui": {
			"rotation": [-90, 135, 90],
			"translation": [2.5, 2.5, 0],
			"scale": [0.57, 0.57, 0.57]
		},
		"head": {
			"rotation": [-90, -58, 90],
			"translation": [-3.5, -22, 4.25],
			"scale": [1.22, 1.22, 1.22]
		},
		"fixed": {
			"rotation": [-90, -45, -90],
			"translation": [3.5, 3.5, 0],
			"scale": [0.67, 0.67, 0.67]
		}
	},
	"groups": [
		{
			"name": "mace",
			"origin": [8, 8, 8],
			"color": 0,
			"nbt": "{}",
			"children": [0, 1, 2, 3, 4, 5, 6, 7, 8, 9, 10, 11, 12, 13, 14, 15, 16, 17, 18, 19, 20, 21, 22, 23, 24, 25, 26, 27, 28, 29, 30, 31, 32, 33]
		}
	]
}